Nome: RIO BRANCO
Codigo Estacao: A104
Latitude: -9.67972221
Longitude: -68.16527777
Altitude: 163
Situacao: Pane
Data Inicial: 2017-01-01
Data Final: 2021-10-23
Periodicidade da Medicao: Mensal

Data Medicao;NUMERO DE DIAS COM PRECIP. PLUV, MENSAL (AUT)(número);PRECIPITACAO TOTAL, MENSAL (AUT)(mm);TEMPERATURA MEDIA, MENSAL (AUT)(°C);VENTO, VELOCIDADE MEDIA MENSAL (AUT)(m/s);
2017-01-31;18;null;24.58844;1.575948;
2017-02-28;20;219.6;24.857686;1.763412;
2017-03-31;23;284.6;24.893151;1.414908;
2017-04-30;15;null;24.660098;1.708997;
2017-05-31;null;null;null;null;
2017-06-30;4;null;25.366294;null;
2017-07-31;2;null;null;null;
2017-08-31;1;null;null;null;
2017-09-30;12;34.2;26.312946;1.708036;
2017-10-31;4;null;null;null;
2017-11-30;null;null;null;null;
2017-12-31;null;null;null;null;
2018-01-31;null;null;null;null;
2018-02-28;null;null;null;null;
2018-03-31;null;null;null;null;
2018-04-30;null;null;null;null;
2018-05-31;null;null;null;null;
2018-06-30;null;null;null;null;
2018-07-31;null;null;null;null;
2018-08-31;2;null;null;null;
2018-09-30;12;97.6;26.305505;2.105821;
2018-10-31;18;168.4;26.001315;1.856417;
2018-11-30;2;null;null;null;
2018-12-31;null;null;null;null;
2019-01-31;null;null;null;null;
2019-02-28;null;null;null;null;
2019-03-31;null;null;null;null;
2019-04-30;null;null;null;null;
2019-05-31;null;null;null;null;
2019-06-30;2;null;null;null;
2019-07-31;11;92.4;23.794355;.563347;
2019-08-31;4;10.4;24.923745;.592708;
2019-09-30;10;92.4;26.967639;.688333;
2019-10-31;21;247;25.674118;.669974;
2019-11-30;22;384.2;25.855278;.629861;
2019-12-31;22;441.2;25.763844;.624246;
2020-01-31;17;133.8;26.59664;.705744;
2020-02-29;24;302.8;25.786232;.674019;
2020-03-31;9;null;null;null;
2020-04-30;null;null;null;null;
2020-05-31;null;null;null;null;
2020-06-30;null;null;null;null;
2020-07-31;null;null;null;null;
2020-08-31;null;null;null;null;
2020-09-30;null;null;null;null;
2020-10-31;null;null;null;null;
2020-11-30;null;null;null;null;
2020-12-31;null;null;null;null;
2021-01-31;null;null;null;null;
2021-02-28;null;null;null;null;
2021-03-31;null;null;null;null;
2021-04-30;null;null;null;null;
2021-05-31;null;null;null;null;
2021-06-30;null;null;null;null;
2021-07-31;null;null;null;null;
2021-08-31;null;null;null;null;
2021-09-30;null;null;null;null;
2021-10-31;null;null;null;null;

