Nome: OURICURI
Codigo Estacao: A366
Latitude: -7.88583333
Longitude: -40.10277777
Altitude: 457.85
Situacao: Pane
Data Inicial: 2017-01-01
Data Final: 2021-10-23
Periodicidade da Medicao: Mensal

Data Medicao;NUMERO DE DIAS COM PRECIP. PLUV, MENSAL (AUT)(número);PRECIPITACAO TOTAL, MENSAL (AUT)(mm);TEMPERATURA MEDIA, MENSAL (AUT)(°C);VENTO, VELOCIDADE MEDIA MENSAL (AUT)(m/s);
2017-01-31;null;null;null;null;
2017-02-28;3;null;null;null;
2017-03-31;9;37.8;27.327823;null;
2017-04-30;9;75.4;26.499028;null;
2017-05-31;9;12.2;26.62621;null;
2017-06-30;10;28.4;24.403611;null;
2017-07-31;11;16.8;22.906989;null;
2017-08-31;3;1.2;25.012097;null;
2017-09-30;9;5.6;25.158194;null;
2017-10-31;0;0;27.85336;null;
2017-11-30;4;null;28.805263;null;
2017-12-31;null;null;null;null;
2018-01-31;null;null;null;null;
2018-02-28;4;null;null;null;
2018-03-31;9;109.4;27.158548;null;
2018-04-30;11;115.2;24.461667;null;
2018-05-31;7;10;25.234005;null;
2018-06-30;2;.8;24.822639;null;
2018-07-31;2;.6;24.389919;null;
2018-08-31;0;0;25.736425;null;
2018-09-30;0;0;27.285833;null;
2018-10-31;6;47.6;28.536559;null;
2018-11-30;3;null;28.619213;null;
2018-12-31;null;null;null;null;
2019-01-31;null;null;null;null;
2019-02-28;null;null;null;null;
2019-03-31;6;null;26.818397;null;
2019-04-30;21;27;25.443687;null;
2019-05-31;3;1.6;25.878629;null;
2019-06-30;5;31.8;24.46622;null;
2019-07-31;null;null;23.803241;null;
2019-08-31;1;36.6;24.675833;null;
2019-09-30;0;0;27.000694;null;
2019-10-31;null;0;28.388611;null;
2019-11-30;null;null;null;null;
2019-12-31;null;null;null;null;
2020-01-31;null;null;null;null;
2020-02-29;null;null;null;null;
2020-03-31;null;null;null;null;
2020-04-30;null;null;null;null;
2020-05-31;null;null;24.486951;null;
2020-06-30;null;null;23.866616;null;
2020-07-31;null;null;23.679583;null;
2020-08-31;null;0;24.763837;null;
2020-09-30;0;0;26.312222;null;
2020-10-31;null;null;28.612083;null;
2020-11-30;null;null;null;null;
2020-12-31;null;null;null;null;
2021-01-31;null;null;null;null;
2021-02-28;null;null;null;null;
2021-03-31;null;null;null;null;
2021-04-30;null;null;null;null;
2021-05-31;null;null;null;null;
2021-06-30;null;null;null;null;
2021-07-31;null;null;null;null;
2021-08-31;null;null;null;null;
2021-09-30;null;null;null;null;
2021-10-31;null;null;null;null;

