Nome: ESPINOSA
Codigo Estacao: A543
Latitude: -14.91222222
Longitude: -42.80861111
Altitude: 565.36
Situacao: Pane
Data Inicial: 2017-01-01
Data Final: 2021-10-23
Periodicidade da Medicao: Mensal

Data Medicao;NUMERO DE DIAS COM PRECIP. PLUV, MENSAL (AUT)(número);PRECIPITACAO TOTAL, MENSAL (AUT)(mm);TEMPERATURA MEDIA, MENSAL (AUT)(°C);VENTO, VELOCIDADE MEDIA MENSAL (AUT)(m/s);
2017-01-31;3;5.4;28.169489;2.871237;
2017-02-28;8;null;null;null;
2017-03-31;6;null;null;null;
2017-04-30;5;18.6;26.039028;2.519861;
2017-05-31;4;6.4;24.939785;2.597446;
2017-06-30;0;0;23.901389;2.907361;
2017-07-31;2;1.4;21.623656;3.535215;
2017-08-31;0;0;23.695833;3.022312;
2017-09-30;1;.2;24.432222;4.286667;
2017-10-31;1;3.2;27.533602;3.91586;
2017-11-30;10;95;26.583611;3.053333;
2017-12-31;13;189.8;25.621505;2.031183;
2018-01-31;9;33.8;26.840591;2.708064;
2018-02-28;16;162.4;null;1.860119;
2018-03-31;10;185.4;null;1.783199;
2018-04-30;3;1.4;25.429861;2.296944;
2018-05-31;1;.2;24.626882;2.451075;
2018-06-30;1;1;23.706806;2.536944;
2018-07-31;0;0;23.067204;2.558468;
2018-08-31;1;.4;25.458333;3.01828;
2018-09-30;1;.4;26.82;3.041528;
2018-10-31;7;127;27.540323;2.886156;
2018-11-30;9;null;25.403333;2.501175;
2018-12-31;6;null;24.965885;1.641984;
2019-01-31;null;null;null;null;
2019-02-28;2;null;null;null;
2019-03-31;10;125.2;27.055511;1.941667;
2019-04-30;7;12;26.100556;1.876667;
2019-05-31;1;4;25.941667;2.114651;
2019-06-30;0;0;24.042361;2.648472;
2019-07-31;null;null;null;null;
2019-08-31;null;null;null;null;
2019-09-30;null;null;null;null;
2019-10-31;null;null;null;null;
2019-11-30;null;null;null;null;
2019-12-31;null;null;null;null;
2020-01-31;null;null;null;null;
2020-02-29;null;null;null;null;
2020-03-31;null;null;null;null;
2020-04-30;null;null;null;null;
2020-05-31;null;null;null;null;
2020-06-30;null;null;null;null;
2020-07-31;null;null;null;null;
2020-08-31;null;null;null;null;
2020-09-30;null;null;null;null;
2020-10-31;null;null;null;null;
2020-11-30;null;null;null;null;
2020-12-31;null;null;null;null;
2021-01-31;null;null;null;null;
2021-02-28;null;null;null;null;
2021-03-31;null;null;null;null;
2021-04-30;null;null;null;null;
2021-05-31;null;null;null;null;
2021-06-30;null;null;null;null;
2021-07-31;null;null;null;null;
2021-08-31;null;null;null;null;
2021-09-30;null;null;null;null;
2021-10-31;null;null;null;null;

