Nome: QUIXERAMOBIM
Codigo Estacao: A325
Latitude: -5.17444443
Longitude: -39.28944444
Altitude: 221.04
Situacao: Operante
Data Inicial: 2017-01-01
Data Final: 2021-10-23
Periodicidade da Medicao: Mensal

Data Medicao;NUMERO DE DIAS COM PRECIP. PLUV, MENSAL (AUT)(número);PRECIPITACAO TOTAL, MENSAL (AUT)(mm);TEMPERATURA MEDIA, MENSAL (AUT)(°C);VENTO, VELOCIDADE MEDIA MENSAL (AUT)(m/s);
2017-01-31;null;25;29.063575;.971102;
2017-02-28;null;170.2;27.44003;.492857;
2017-03-31;null;174.6;26.079973;.490995;
2017-04-30;null;118.8;26.215417;1.538472;
2017-05-31;null;141.8;26.232258;1.644624;
2017-06-30;null;27.8;26.998599;2.052228;
2017-07-31;null;83.6;25.796505;2.071774;
2017-08-31;null;41;27.54879;2.49328;
2017-09-30;null;1.6;28.245972;2.980694;
2017-10-31;null;.2;28.995833;3.625403;
2017-11-30;null;0;28.771667;3.778333;
2017-12-31;null;17;28.960215;3.595699;
2018-01-31;null;54.4;28.076075;2.96129;
2018-02-28;null;68;26.86756;2.014583;
2018-03-31;null;null;null;null;
2018-04-30;null;null;null;null;
2018-05-31;null;null;25.245448;null;
2018-06-30;null;20.8;25.678992;2.34715;
2018-07-31;null;17;26.727601;2.83739;
2018-08-31;null;0;27.684422;3.753599;
2018-09-30;null;0;28.273611;4.847083;
2018-10-31;null;0;28.668952;4.805645;
2018-11-30;null;3.6;29.218653;4.911413;
2018-12-31;null;null;null;null;
2019-01-31;null;null;null;null;
2019-02-28;null;null;null;null;
2019-03-31;null;96.4;26.228524;2.011086;
2019-04-30;null;134.4;26.054583;1.93125;
2019-05-31;null;67.4;26.761156;2.439113;
2019-06-30;null;22.6;26.97125;2.609722;
2019-07-31;null;42.4;26.757124;3.124866;
2019-08-31;null;0;27.532661;3.859005;
2019-09-30;null;.6;28.305417;4.554167;
2019-10-31;null;0;28.619086;4.607527;
2019-11-30;null;0;29.138144;4.304369;
2019-12-31;null;7.4;29.269758;3.99086;
2020-01-31;null;80.4;28.544326;3.140299;
2020-02-29;null;132.8;27.178017;2.298132;
2020-03-31;null;156;26.328801;1.592254;
2020-04-30;null;null;null;null;
2020-05-31;null;null;null;null;
2020-06-30;null;null;null;null;
2020-07-31;null;null;null;null;
2020-08-31;null;null;null;null;
2020-09-30;null;null;null;null;
2020-10-31;null;null;null;null;
2020-11-30;null;null;null;null;
2020-12-31;null;null;null;null;
2021-01-31;null;null;null;null;
2021-02-28;null;null;null;null;
2021-03-31;null;null;null;null;
2021-04-30;null;null;null;null;
2021-05-31;null;null;null;null;
2021-06-30;null;null;null;null;
2021-07-31;null;null;null;null;
2021-08-31;null;null;null;null;
2021-09-30;null;null;null;null;
2021-10-31;null;null;null;null;

