Nome: ARIQUEMES
Codigo Estacao: A940
Latitude: -9.94888888
Longitude: -62.96194444
Altitude: 128.44
Situacao: Pane
Data Inicial: 2017-01-01
Data Final: 2021-10-23
Periodicidade da Medicao: Mensal

Data Medicao;NUMERO DE DIAS COM PRECIP. PLUV, MENSAL (AUT)(número);PRECIPITACAO TOTAL, MENSAL (AUT)(mm);TEMPERATURA MEDIA, MENSAL (AUT)(°C);VENTO, VELOCIDADE MEDIA MENSAL (AUT)(m/s);
2017-01-31;null;null;null;null;
2017-02-28;null;null;null;null;
2017-03-31;null;null;null;null;
2017-04-30;null;null;null;null;
2017-05-31;null;null;null;null;
2017-06-30;null;null;null;null;
2017-07-31;null;null;null;null;
2017-08-31;1;null;null;null;
2017-09-30;8;109.8;27.067778;1.407639;
2017-10-31;14;167.6;26.453495;1.592742;
2017-11-30;18;198.4;26.224306;1.399444;
2017-12-31;26;333.8;25.415995;1.486559;
2018-01-31;28;337.2;25.159946;1.477957;
2018-02-28;28;388;25.154316;1.621577;
2018-03-31;23;81.6;25.609543;1.414785;
2018-04-30;null;null;25.612083;null;
2018-05-31;null;null;25.444892;null;
2018-06-30;null;0;23.755972;null;
2018-07-31;0;0;24.97379;null;
2018-08-31;6;21.6;26.002151;null;
2018-09-30;8;117;26.410278;1.336448;
2018-10-31;18;60.8;26.739919;1.015323;
2018-11-30;22;386.4;26.262222;1.115278;
2018-12-31;23;468.2;25.320833;1.104435;
2019-01-31;26;497.6;25.434543;1.057258;
2019-02-28;25;327.8;25.884226;1.019197;
2019-03-31;26;377;26.168145;1.032392;
2019-04-30;22;255.2;26.179722;.968889;
2019-05-31;19;76.2;25.828091;.820564;
2019-06-30;14;14.2;25.938333;.893472;
2019-07-31;3;.6;25.593548;null;
2019-08-31;7;61.6;26.209946;null;
2019-09-30;7;39.4;27.828472;null;
2019-10-31;21;170;25.961559;null;
2019-11-30;20;274;26.087917;null;
2019-12-31;22;250.8;26.280645;null;
2020-01-31;28;432.4;26.231317;null;
2020-02-29;29;308.6;25.88477;null;
2020-03-31;22;426;25.724059;null;
2020-04-30;23;205.4;26.126928;null;
2020-05-31;14;null;25.134896;null;
2020-06-30;null;null;null;null;
2020-07-31;null;null;null;null;
2020-08-31;null;null;null;null;
2020-09-30;null;null;null;null;
2020-10-31;null;null;null;null;
2020-11-30;null;null;null;null;
2020-12-31;null;null;null;null;
2021-01-31;null;null;null;null;
2021-02-28;null;null;null;null;
2021-03-31;null;null;null;null;
2021-04-30;null;null;null;null;
2021-05-31;null;null;null;null;
2021-06-30;null;null;null;null;
2021-07-31;null;null;null;null;
2021-08-31;null;null;null;null;
2021-09-30;null;null;null;null;
2021-10-31;null;null;null;null;

