Nome: CALCANHAR
Codigo Estacao: A344
Latitude: -5.16
Longitude: -35.48749999
Altitude: 9.82
Situacao: Pane
Data Inicial: 2017-01-01
Data Final: 2021-10-23
Periodicidade da Medicao: Mensal

Data Medicao;NUMERO DE DIAS COM PRECIP. PLUV, MENSAL (AUT)(número);PRECIPITACAO TOTAL, MENSAL (AUT)(mm);TEMPERATURA MEDIA, MENSAL (AUT)(°C);VENTO, VELOCIDADE MEDIA MENSAL (AUT)(m/s);
2017-01-31;7;17;null;7.863441;
2017-02-28;9;96.2;null;7.122917;
2017-03-31;12;52.2;null;6.420968;
2017-04-30;18;117.6;27.501667;5.926806;
2017-05-31;12;161;27.066263;5.880108;
2017-06-30;18;145.6;26.134861;5.903472;
2017-07-31;19;232.8;24.715726;6.775134;
2017-08-31;10;18.6;25.445027;7.160349;
2017-09-30;12;18.2;25.594028;7.684306;
2017-10-31;15;33.2;26.714247;8.280108;
2017-11-30;4;null;27.434833;8.7045;
2017-12-31;null;null;null;null;
2018-01-31;3;null;null;null;
2018-02-28;4;null;null;null;
2018-03-31;2;null;null;null;
2018-04-30;3;null;null;null;
2018-05-31;null;null;null;null;
2018-06-30;null;null;null;null;
2018-07-31;null;null;24.911639;6.582752;
2018-08-31;null;null;25.80471;null;
2018-09-30;null;null;26.272212;7.997995;
2018-10-31;null;null;null;8.368644;
2018-11-30;null;null;27.866592;8.578529;
2018-12-31;null;null;null;7.60924;
2019-01-31;null;null;null;null;
2019-02-28;null;null;null;null;
2019-03-31;null;null;null;null;
2019-04-30;null;null;null;null;
2019-05-31;null;null;null;null;
2019-06-30;null;null;null;null;
2019-07-31;null;null;null;null;
2019-08-31;null;null;null;null;
2019-09-30;null;null;null;null;
2019-10-31;null;null;null;null;
2019-11-30;null;null;null;null;
2019-12-31;null;null;null;null;
2020-01-31;null;null;null;null;
2020-02-29;null;null;null;null;
2020-03-31;null;null;null;null;
2020-04-30;null;null;null;null;
2020-05-31;null;null;null;null;
2020-06-30;null;null;null;null;
2020-07-31;null;null;null;null;
2020-08-31;null;null;null;null;
2020-09-30;null;null;null;null;
2020-10-31;null;null;null;null;
2020-11-30;null;null;null;null;
2020-12-31;null;null;null;null;
2021-01-31;null;null;null;null;
2021-02-28;null;null;null;null;
2021-03-31;null;null;null;null;
2021-04-30;null;null;null;null;
2021-05-31;null;null;null;null;
2021-06-30;null;null;null;null;
2021-07-31;null;null;null;null;
2021-08-31;null;null;null;null;
2021-09-30;null;null;null;null;
2021-10-31;null;null;null;null;

