Nome: TARTARUGALZINHO
Codigo Estacao: A243
Latitude: 1.49666666
Longitude: -50.91666666
Altitude: 21
Situacao: Desativada
Data Inicial: 2017-01-01
Data Final: 2018-06-23
Periodicidade da Medicao: Mensal

Data Medicao;NUMERO DE DIAS COM PRECIP. PLUV, MENSAL (AUT)(número);PRECIPITACAO TOTAL, MENSAL (AUT)(mm);TEMPERATURA MEDIA, MENSAL (AUT)(°C);VENTO, VELOCIDADE MEDIA MENSAL (AUT)(m/s);
2017-01-31;2;null;null;null;
2017-02-28;null;null;null;null;
2017-03-31;null;null;null;null;
2017-04-30;null;null;null;null;
2017-05-31;null;null;null;null;
2017-06-30;null;null;null;null;
2017-07-31;null;null;null;null;
2017-08-31;6;null;null;null;
2017-09-30;12;12.4;27.461667;2.309861;
2017-10-31;10;11;27.529301;2.479435;
2017-11-30;10;16.4;27.440278;2.370556;
2017-12-31;17;46.4;26.125806;2.070833;
2018-01-31;null;null;24.915995;1.761559;
2018-02-28;null;null;24.662202;1.932292;
2018-03-31;25;383.2;25.420833;2.107661;
2018-04-30;4;null;null;null;
2018-05-31;null;null;null;null;
2018-06-30;null;null;null;null;

