Nome: MOELA
Codigo Estacao: A745
Latitude: -24.047845
Longitude: -46.26334
Altitude: 32.47
Situacao: Desativada
Data Inicial: 2017-01-01
Data Final: 2017-05-17
Periodicidade da Medicao: Mensal

Data Medicao;NUMERO DE DIAS COM PRECIP. PLUV, MENSAL (AUT)(número);PRECIPITACAO TOTAL, MENSAL (AUT)(mm);TEMPERATURA MEDIA, MENSAL (AUT)(°C);VENTO, VELOCIDADE MEDIA MENSAL (AUT)(m/s);
2017-01-31;null;null;null;null;
2017-02-28;null;null;null;null;
2017-03-31;null;null;null;null;
2017-04-30;null;null;null;null;
2017-05-31;null;null;null;null;

