Nome: ITAPORANGA
Codigo Estacao: A373
Latitude: -7.31833332
Longitude: -38.14083333
Altitude: 292
Situacao: Pane
Data Inicial: 2017-11-02
Data Final: 2021-10-23
Periodicidade da Medicao: Mensal

Data Medicao;NUMERO DE DIAS COM PRECIP. PLUV, MENSAL (AUT)(número);PRECIPITACAO TOTAL, MENSAL (AUT)(mm);TEMPERATURA MEDIA, MENSAL (AUT)(°C);VENTO, VELOCIDADE MEDIA MENSAL (AUT)(m/s);
2017-11-30;2;null;29.89892;2.904938;
2017-12-31;3;5.4;29.966935;3.143841;
2018-01-31;14;226.8;28.325269;null;
2018-02-28;18;132.2;27.043304;1.796131;
2018-03-31;12;74;26.866129;1.771371;
2018-04-30;18;213;25.396944;1.423333;
2018-05-31;9;49.8;25.080779;1.682258;
2018-06-30;1;.8;25.253472;null;
2018-07-31;1;.2;26.248925;null;
2018-08-31;0;0;27.381586;2.465591;
2018-09-30;2;35;28.422778;2.555972;
2018-10-31;2;1.2;29.711828;2.725538;
2018-11-30;3;60.6;29.998333;null;
2018-12-31;10;69.2;27.911559;null;
2019-01-31;11;81.2;28.095694;1.940432;
2019-02-28;18;161;27.152976;1.672173;
2019-03-31;13;null;26.637011;1.72275;
2019-04-30;16;93.4;26.504722;1.367784;
2019-05-31;13;221.4;25.690323;1.300926;
2019-06-30;5;null;25.004016;1.736512;
2019-07-31;4;null;25.146319;2.167226;
2019-08-31;6;5.4;26.093952;2.482393;
2019-09-30;1;3.6;28.417639;2.473889;
2019-10-31;1;1;29.627778;2.771667;
2019-11-30;null;null;30.477044;null;
2019-12-31;3;53;30.207372;2.480739;
2020-01-31;6;null;null;null;
2020-02-29;null;null;null;null;
2020-03-31;18;null;26.308602;null;
2020-04-30;4;null;null;null;
2020-05-31;null;null;null;null;
2020-06-30;null;null;null;null;
2020-07-31;null;null;null;null;
2020-08-31;null;null;null;null;
2020-09-30;null;null;null;null;
2020-10-31;null;null;null;null;
2020-11-30;null;null;null;null;
2020-12-31;null;null;null;null;
2021-01-31;null;null;null;null;
2021-02-28;null;null;null;null;
2021-03-31;null;null;null;null;
2021-04-30;null;null;null;null;
2021-05-31;null;null;null;null;
2021-06-30;null;null;null;null;
2021-07-31;null;null;null;null;
2021-08-31;null;null;null;null;
2021-09-30;null;null;null;null;
2021-10-31;null;null;null;null;

