Nome: REGISTRO
Codigo Estacao: A766
Latitude: -24.53305554
Longitude: -47.86416666
Altitude: 35
Situacao: Operante
Data Inicial: 2017-02-08
Data Final: 2021-10-23
Periodicidade da Medicao: Mensal

Data Medicao;NUMERO DE DIAS COM PRECIP. PLUV, MENSAL (AUT)(número);PRECIPITACAO TOTAL, MENSAL (AUT)(mm);TEMPERATURA MEDIA, MENSAL (AUT)(°C);VENTO, VELOCIDADE MEDIA MENSAL (AUT)(m/s);
2017-02-28;5;null;26.512372;null;
2017-03-31;23;251.6;24.16586;1.982639;
2017-04-30;21;143;21.99;1.713056;
2017-05-31;21;81;20.64889;1.552028;
2017-06-30;18;128.6;18.578592;1.519306;
2017-07-31;11;8.8;17.631855;1.574462;
2017-08-31;11;50.2;18.687291;1.752203;
2017-09-30;4;35;21.769263;2.050297;
2017-10-31;19;230.4;22.2327;2.333516;
2017-11-30;17;122.8;22.00237;null;
2017-12-31;14;204.6;24.256322;2.266282;
2018-01-31;25;200.6;25.142473;null;
2018-02-28;18;164.6;24.223661;null;
2018-03-31;14;191.4;25.080047;null;
2018-04-30;16;113.4;22.994565;null;
2018-05-31;16;37.8;20.748556;null;
2018-06-30;15;68.6;18.535018;null;
2018-07-31;15;32.4;18.360484;null;
2018-08-31;14;46;17.43414;null;
2018-09-30;13;54.8;20.483998;null;
2018-10-31;23;190.2;21.30672;null;
2018-11-30;18;106.8;22.782361;null;
2018-12-31;14;137.8;25.533602;null;
2019-01-31;18;270.8;27.39259;null;
2019-02-28;19;348.4;24.802795;null;
2019-03-31;25;373.8;24.468642;null;
2019-04-30;17;136.8;23.452132;null;
2019-05-31;20;401.8;21.65457;null;
2019-06-30;18;105.2;19.935972;null;
2019-07-31;18;105;17.525269;null;
2019-08-31;17;27;17.876957;null;
2019-09-30;15;140.4;19.621528;null;
2019-10-31;16;71;22.491854;null;
2019-11-30;16;143.8;22.699306;null;
2019-12-31;null;null;null;null;
2020-01-31;null;null;null;null;
2020-02-29;null;null;null;null;
2020-03-31;null;null;null;null;
2020-04-30;null;null;null;null;
2020-05-31;null;null;null;null;
2020-06-30;null;null;null;null;
2020-07-31;null;null;null;null;
2020-08-31;null;null;null;null;
2020-09-30;null;null;null;null;
2020-10-31;null;null;null;null;
2020-11-30;null;null;null;null;
2020-12-31;null;null;null;null;
2021-01-31;null;null;null;null;
2021-02-28;null;null;null;null;
2021-03-31;null;null;null;null;
2021-04-30;null;null;null;null;
2021-05-31;null;null;null;null;
2021-06-30;null;null;null;null;
2021-07-31;null;null;null;null;
2021-08-31;null;null;null;null;
2021-09-30;null;null;null;null;
2021-10-31;null;null;null;null;

