Nome: IPORA
Codigo Estacao: A028
Latitude: -16.42305554
Longitude: -51.14888888
Altitude: 610.41
Situacao: Operante
Data Inicial: 2017-01-01
Data Final: 2021-10-23
Periodicidade da Medicao: Mensal

Data Medicao;NUMERO DE DIAS COM PRECIP. PLUV, MENSAL (AUT)(número);PRECIPITACAO TOTAL, MENSAL (AUT)(mm);TEMPERATURA MEDIA, MENSAL (AUT)(°C);VENTO, VELOCIDADE MEDIA MENSAL (AUT)(m/s);
2017-01-31;null;169.6;24.62379;null;
2017-02-28;null;215.2;24.362054;null;
2017-03-31;null;132.2;24.843952;null;
2017-04-30;null;50.4;24.820694;null;
2017-05-31;null;61.2;24.193011;null;
2017-06-30;null;0;22.576806;null;
2017-07-31;null;0;20.944624;null;
2017-08-31;null;0;25.162634;null;
2017-09-30;null;32;26.638194;null;
2017-10-31;null;53.6;27.57957;null;
2017-11-30;null;270.8;24.952361;null;
2017-12-31;null;359.4;24.18629;null;
2018-01-31;null;203.8;24.520161;null;
2018-02-28;null;215;24.471577;null;
2018-03-31;null;227;24.931855;null;
2018-04-30;null;null;23.973838;null;
2018-05-31;null;null;22.546226;null;
2018-06-30;null;null;22.385174;null;
2018-07-31;null;0;22.518011;null;
2018-08-31;null;16;25.057124;null;
2018-09-30;null;74.2;25.996679;null;
2018-10-31;null;150.8;25.946009;null;
2018-11-30;null;null;null;null;
2018-12-31;null;350;24.862412;null;
2019-01-31;null;126.2;25.496663;null;
2019-02-28;null;360.8;24.689626;null;
2019-03-31;null;231.4;24.889271;null;
2019-04-30;null;126.4;24.605266;null;
2019-05-31;null;37.8;23.64422;null;
2019-06-30;null;0;22.122361;null;
2019-07-31;null;5;21.927016;null;
2019-08-31;null;0;25.144034;null;
2019-09-30;null;9.4;28.528333;null;
2019-10-31;null;76.4;27.148159;null;
2019-11-30;null;180.8;25.575798;null;
2019-12-31;null;220.4;25.199573;null;
2020-01-31;null;363.6;24.85571;null;
2020-02-29;null;458.4;24.391617;null;
2020-03-31;null;248.2;24.719592;null;
2020-04-30;null;79.8;24.227639;null;
2020-05-31;null;6.2;21.597043;null;
2020-06-30;null;0;22.379861;null;
2020-07-31;null;null;null;null;
2020-08-31;null;null;null;null;
2020-09-30;null;null;null;null;
2020-10-31;null;null;null;null;
2020-11-30;null;null;null;null;
2020-12-31;null;null;null;null;
2021-01-31;null;null;24.998776;null;
2021-02-28;null;null;24.126708;null;
2021-03-31;null;null;23.92204;null;
2021-04-30;null;null;23.790555;null;
2021-05-31;null;2.6;22.730645;null;
2021-06-30;null;null;22.332675;null;
2021-07-31;null;null;null;null;
2021-08-31;null;null;null;null;
2021-09-30;null;null;null;null;
2021-10-31;null;null;null;null;

