Nome: ANGICAL DO PIAUI
Codigo Estacao: A377
Latitude: -6.08944444
Longitude: -42.72749999
Altitude: 183
Situacao: Pane
Data Inicial: 2019-11-13
Data Final: 2021-10-23
Periodicidade da Medicao: Mensal

Data Medicao;NUMERO DE DIAS COM PRECIP. PLUV, MENSAL (AUT)(número);PRECIPITACAO TOTAL, MENSAL (AUT)(mm);TEMPERATURA MEDIA, MENSAL (AUT)(°C);VENTO, VELOCIDADE MEDIA MENSAL (AUT)(m/s);
2019-11-30;3;null;null;null;
2019-12-31;14;101.8;28.525;1.121371;
2020-01-31;17;112;26.221944;1.028728;
2020-02-29;21;200.4;25.987202;.927826;
2020-03-31;27;616.4;25.772446;.939113;
2020-04-30;24;199.2;26.031667;.940694;
2020-05-31;17;57.6;25.947984;.9625;
2020-06-30;4;6.6;25.248333;1.140278;
2020-07-31;0;0;24.990726;1.261828;
2020-08-31;0;0;26.175269;1.359946;
2020-09-30;2;.8;28.095278;1.362917;
2020-10-31;8;33.6;29.554032;1.298925;
2020-11-30;27;35.4;27.377222;1.083611;
2020-12-31;15;3;26.935494;.993981;
2021-01-31;null;null;null;null;
2021-02-28;null;null;null;null;
2021-03-31;null;null;null;null;
2021-04-30;null;null;null;null;
2021-05-31;null;null;null;null;
2021-06-30;null;null;null;null;
2021-07-31;null;null;null;null;
2021-08-31;null;null;null;null;
2021-09-30;null;null;null;null;
2021-10-31;null;null;null;null;

