Nome: MARECHAL THAUMATURGO
Codigo Estacao: A137
Latitude: -8.95
Longitude: -72.78666666
Altitude: 220.98
Situacao: Pane
Data Inicial: 2017-01-01
Data Final: 2021-10-23
Periodicidade da Medicao: Mensal

Data Medicao;NUMERO DE DIAS COM PRECIP. PLUV, MENSAL (AUT)(número);PRECIPITACAO TOTAL, MENSAL (AUT)(mm);TEMPERATURA MEDIA, MENSAL (AUT)(°C);VENTO, VELOCIDADE MEDIA MENSAL (AUT)(m/s);
2017-01-31;null;null;null;null;
2017-02-28;null;null;null;null;
2017-03-31;null;null;null;null;
2017-04-30;null;null;null;null;
2017-05-31;null;null;null;null;
2017-06-30;null;null;null;null;
2017-07-31;null;null;null;null;
2017-08-31;null;null;null;null;
2017-09-30;12;null;25.351667;1.215833;
2017-10-31;11;49.4;25.882527;1.491532;
2017-11-30;23;343.2;25.5775;1.504537;
2017-12-31;23;132.8;25.553629;1.533199;
2018-01-31;17;null;24.787138;1.409972;
2018-02-28;18;171.8;25.098214;null;
2018-03-31;5;null;null;null;
2018-04-30;null;null;null;null;
2018-05-31;null;null;null;null;
2018-06-30;null;null;null;null;
2018-07-31;null;null;null;null;
2018-08-31;null;null;null;null;
2018-09-30;null;null;null;null;
2018-10-31;15;null;25.529097;null;
2018-11-30;23;null;25.335577;null;
2018-12-31;25;105.8;25.074194;null;
2019-01-31;27;272.6;24.984946;null;
2019-02-28;21;319.2;25.025744;null;
2019-03-31;28;459;25.053226;null;
2019-04-30;16;null;25.419867;null;
2019-05-31;null;null;25.155;null;
2019-06-30;null;null;24.980972;null;
2019-07-31;null;null;null;null;
2019-08-31;null;null;24.032237;null;
2019-09-30;null;null;null;null;
2019-10-31;null;null;25.321196;null;
2019-11-30;null;null;null;null;
2019-12-31;null;null;null;null;
2020-01-31;null;null;null;null;
2020-02-29;null;null;null;null;
2020-03-31;null;null;null;null;
2020-04-30;0;0;25.154583;null;
2020-05-31;null;null;24.176882;null;
2020-06-30;null;null;25.079444;null;
2020-07-31;null;null;null;null;
2020-08-31;null;null;null;null;
2020-09-30;null;null;null;null;
2020-10-31;null;null;null;null;
2020-11-30;null;null;null;null;
2020-12-31;null;null;null;null;
2021-01-31;null;null;null;null;
2021-02-28;null;null;null;null;
2021-03-31;null;null;null;null;
2021-04-30;null;null;null;null;
2021-05-31;null;null;null;null;
2021-06-30;null;null;null;null;
2021-07-31;null;null;null;null;
2021-08-31;null;null;null;null;
2021-09-30;null;null;null;null;
2021-10-31;null;null;null;null;

