Nome: ARAPIRACA
Codigo Estacao: A353
Latitude: -9.80444444
Longitude: -36.61916666
Altitude: 236.84
Situacao: Pane
Data Inicial: 2017-01-01
Data Final: 2021-10-23
Periodicidade da Medicao: Mensal

Data Medicao;NUMERO DE DIAS COM PRECIP. PLUV, MENSAL (AUT)(número);PRECIPITACAO TOTAL, MENSAL (AUT)(mm);TEMPERATURA MEDIA, MENSAL (AUT)(°C);VENTO, VELOCIDADE MEDIA MENSAL (AUT)(m/s);
2017-01-31;3;4.8;26.376478;1.736021;
2017-02-28;3;4;26.699256;1.566816;
2017-03-31;1;.2;26.963172;1.136021;
2017-04-30;null;null;26.086945;.738194;
2017-05-31;null;null;24.443261;.248219;
2017-06-30;null;null;23.060919;.257917;
2017-07-31;null;null;21.516532;.502957;
2017-08-31;null;null;22.12043;.190995;
2017-09-30;null;0;22.377917;.846111;
2017-10-31;null;null;23.676882;1.097312;
2017-11-30;null;null;25.390139;1.865;
2017-12-31;5;17.8;26.220833;1.898925;
2018-01-31;8;24.8;26.118683;1.655242;
2018-02-28;8;47;26.028869;1.416667;
2018-03-31;4;5.6;24.847043;.512097;
2018-04-30;null;null;24.171;.4545;
2018-05-31;null;null;null;null;
2018-06-30;null;null;null;null;
2018-07-31;null;null;21.909946;.472446;
2018-08-31;15;30;22.681586;.987634;
2018-09-30;17;32.2;23.527361;1.434444;
2018-10-31;0;0;25.597177;2.163172;
2018-11-30;5;1;25.700278;2.243056;
2018-12-31;null;null;25.988844;1.67379;
2019-01-31;null;null;25.335081;1.060215;
2019-02-28;null;null;26.981399;1.373065;
2019-03-31;null;null;26.742204;.948387;
2019-04-30;null;null;26.085695;.582361;
2019-05-31;null;null;25.361425;.603764;
2019-06-30;null;null;23.80049;null;
2019-07-31;null;null;null;null;
2019-08-31;null;null;null;null;
2019-09-30;null;null;null;null;
2019-10-31;null;null;null;null;
2019-11-30;null;null;null;null;
2019-12-31;null;null;null;null;
2020-01-31;null;null;null;null;
2020-02-29;null;null;null;null;
2020-03-31;null;null;null;null;
2020-04-30;null;null;null;null;
2020-05-31;null;null;null;null;
2020-06-30;null;null;null;null;
2020-07-31;null;null;null;null;
2020-08-31;null;null;null;null;
2020-09-30;null;null;null;null;
2020-10-31;null;null;null;null;
2020-11-30;null;null;null;null;
2020-12-31;null;null;null;null;
2021-01-31;null;null;null;null;
2021-02-28;null;null;null;null;
2021-03-31;null;null;null;null;
2021-04-30;null;null;null;null;
2021-05-31;null;null;null;null;
2021-06-30;null;null;null;null;
2021-07-31;null;null;null;null;
2021-08-31;null;null;null;null;
2021-09-30;null;null;null;null;
2021-10-31;null;null;null;null;

