Nome: CAMARATUBA
Codigo Estacao: A352
Latitude: -6.56194444
Longitude: -35.13527777
Altitude: 135.51
Situacao: Pane
Data Inicial: 2017-01-01
Data Final: 2021-10-23
Periodicidade da Medicao: Mensal

Data Medicao;NUMERO DE DIAS COM PRECIP. PLUV, MENSAL (AUT)(número);PRECIPITACAO TOTAL, MENSAL (AUT)(mm);TEMPERATURA MEDIA, MENSAL (AUT)(°C);VENTO, VELOCIDADE MEDIA MENSAL (AUT)(m/s);
2017-01-31;14;107.8;25.908596;3.583141;
2017-02-28;18;104.2;25.945303;3.246189;
2017-03-31;23;48.6;25.900941;2.85672;
2017-04-30;null;null;25.825972;3.029167;
2017-05-31;null;null;25.228676;2.875269;
2017-06-30;7;113.8;null;3.48529;
2017-07-31;27;245.4;23.026478;4.264247;
2017-08-31;15;42.2;23.696938;3.816842;
2017-09-30;20;55.2;23.66244;4.242246;
2017-10-31;20;24.2;24.705242;3.824194;
2017-11-30;7;2.8;25.341528;2.35875;
2017-12-31;2;null;25.958402;.937178;
2018-01-31;null;null;null;null;
2018-02-28;null;null;null;null;
2018-03-31;null;null;null;null;
2018-04-30;22;null;25.02;.165338;
2018-05-31;20;105;24.826613;.393683;
2018-06-30;20;75.6;23.9325;.334444;
2018-07-31;null;null;23.58629;.656989;
2018-08-31;null;null;23.841801;.745833;
2018-09-30;null;null;24.255833;.872222;
2018-10-31;1;.2;25.471371;.531183;
2018-11-30;0;0;25.949583;.860556;
2018-12-31;null;null;26.143414;.488979;
2019-01-31;null;null;26.534005;.65578;
2019-02-28;null;null;26.255655;.218304;
2019-03-31;null;null;26.247043;.123656;
2019-04-30;null;null;25.945;.060556;
2019-05-31;null;null;25.64543;.154704;
2019-06-30;null;null;24.309445;.302639;
2019-07-31;null;null;23.659005;.219086;
2019-08-31;null;null;23.546371;.701882;
2019-09-30;null;0;24.166944;.758333;
2019-10-31;4;13.2;24.918548;1.145296;
2019-11-30;3;null;25.739323;null;
2019-12-31;null;null;null;null;
2020-01-31;null;null;null;null;
2020-02-29;null;null;null;null;
2020-03-31;null;null;null;null;
2020-04-30;null;null;null;null;
2020-05-31;null;null;null;null;
2020-06-30;null;null;null;null;
2020-07-31;null;null;null;null;
2020-08-31;null;null;null;null;
2020-09-30;null;null;null;null;
2020-10-31;null;null;null;null;
2020-11-30;null;null;null;null;
2020-12-31;null;null;null;null;
2021-01-31;null;null;null;null;
2021-02-28;null;null;null;null;
2021-03-31;null;null;null;null;
2021-04-30;null;null;null;null;
2021-05-31;null;null;null;null;
2021-06-30;null;null;null;null;
2021-07-31;null;null;null;null;
2021-08-31;null;null;null;null;
2021-09-30;null;null;null;null;
2021-10-31;null;null;null;null;

