Nome: PICO DO COUTO
Codigo Estacao: A610
Latitude: -22.46472222
Longitude: -43.29138888
Altitude: 1777
Situacao: Pane
Data Inicial: 2017-01-01
Data Final: 2021-10-23
Periodicidade da Medicao: Mensal

Data Medicao;NUMERO DE DIAS COM PRECIP. PLUV, MENSAL (AUT)(número);PRECIPITACAO TOTAL, MENSAL (AUT)(mm);TEMPERATURA MEDIA, MENSAL (AUT)(°C);VENTO, VELOCIDADE MEDIA MENSAL (AUT)(m/s);
2017-01-31;null;null;null;null;
2017-02-28;1;null;null;null;
2017-03-31;12;null;null;null;
2017-04-30;14;null;null;null;
2017-05-31;11;null;null;null;
2017-06-30;14;null;13.079525;null;
2017-07-31;7;null;null;null;
2017-08-31;null;null;null;null;
2017-09-30;null;null;null;null;
2017-10-31;null;null;null;null;
2017-11-30;12;null;null;null;
2017-12-31;26;209.2;15.62836;4.459812;
2018-01-31;26;422.6;16.351293;4.502155;
2018-02-28;23;266.6;15.459936;3.768864;
2018-03-31;28;246.2;16.495909;3.592648;
2018-04-30;24;118.8;13.887083;3.256806;
2018-05-31;27;98.2;12.161694;3.842339;
2018-06-30;16;42.4;12.789815;4.521759;
2018-07-31;14;19.6;12.090591;4.115054;
2018-08-31;21;72;11.356667;4.201845;
2018-09-30;19;137;13.4075;4.402361;
2018-10-31;29;217;13.987366;4.997043;
2018-11-30;26;322.4;14.252778;5.565556;
2018-12-31;25;186.4;15.96465;4.043683;
2019-01-31;20;274.6;18.1;4.012097;
2019-02-28;22;308.4;16.786404;4.919708;
2019-03-31;25;366.8;15.969086;null;
2019-04-30;24;176.6;15.776389;null;
2019-05-31;19;139.6;14.502285;null;
2019-06-30;24;82.4;12.366528;null;
2019-07-31;18;45.2;10.988307;null;
2019-08-31;17;133;11.599194;4.372178;
2019-09-30;16;174.6;15.064861;4.638454;
2019-10-31;14;89.2;15.302823;null;
2019-11-30;27;205;14.980556;null;
2019-12-31;31;99.2;15.63414;null;
2020-01-31;16;null;17.642742;null;
2020-02-29;21;null;16.239595;null;
2020-03-31;null;null;null;null;
2020-04-30;null;null;null;null;
2020-05-31;null;null;null;null;
2020-06-30;null;null;null;null;
2020-07-31;null;null;null;null;
2020-08-31;null;null;null;null;
2020-09-30;null;null;null;null;
2020-10-31;null;null;null;null;
2020-11-30;null;null;null;null;
2020-12-31;null;null;null;null;
2021-01-31;null;null;null;null;
2021-02-28;null;null;null;null;
2021-03-31;null;null;null;null;
2021-04-30;null;null;null;null;
2021-05-31;null;null;null;null;
2021-06-30;null;null;null;null;
2021-07-31;null;null;null;null;
2021-08-31;null;null;null;null;
2021-09-30;null;null;null;null;
2021-10-31;null;null;null;null;

