Nome: FAROL de SANTANA
Codigo Estacao: A217
Latitude: -2.27083332
Longitude: -43.62416666
Altitude: 9.87
Situacao: Pane
Data Inicial: 2017-01-01
Data Final: 2021-10-23
Periodicidade da Medicao: Mensal

Data Medicao;NUMERO DE DIAS COM PRECIP. PLUV, MENSAL (AUT)(número);PRECIPITACAO TOTAL, MENSAL (AUT)(mm);TEMPERATURA MEDIA, MENSAL (AUT)(°C);VENTO, VELOCIDADE MEDIA MENSAL (AUT)(m/s);
2017-01-31;null;null;27.961828;3.209274;
2017-02-28;null;null;27.206696;2.769792;
2017-03-31;null;null;26.936693;2.407258;
2017-04-30;null;null;null;null;
2017-05-31;null;null;null;null;
2017-06-30;null;null;null;null;
2017-07-31;null;null;null;null;
2017-08-31;null;null;27.739113;3.711425;
2017-09-30;null;null;27.726806;4.019722;
2017-10-31;1;null;null;null;
2017-11-30;0;0;27.958889;3.901528;
2017-12-31;5;43.8;28.08871;3.693817;
2018-01-31;21;244.8;27.532392;3.12379;
2018-02-28;24;434.8;26.402827;2.529464;
2018-03-31;23;220.8;27.774462;2.891532;
2018-04-30;26;534.6;26.914167;2.255694;
2018-05-31;25;319.6;27.076075;2.336559;
2018-06-30;10;47.2;27.830417;2.976806;
2018-07-31;9;86.8;27.381989;3.208871;
2018-08-31;3;9;27.377285;3.515054;
2018-09-30;0;0;27.577778;3.927778;
2018-10-31;1;2;27.875134;3.71586;
2018-11-30;7;17;28.233472;3.730694;
2018-12-31;23;160.4;27.391801;2.762097;
2019-01-31;null;null;27.777299;2.891048;
2019-02-28;null;null;27.358073;null;
2019-03-31;null;null;null;null;
2019-04-30;1;null;null;null;
2019-05-31;null;null;null;null;
2019-06-30;null;null;null;null;
2019-07-31;null;null;null;null;
2019-08-31;null;null;null;null;
2019-09-30;null;null;null;null;
2019-10-31;null;null;null;null;
2019-11-30;null;null;null;null;
2019-12-31;null;null;null;null;
2020-01-31;null;null;null;null;
2020-02-29;null;null;null;null;
2020-03-31;null;null;null;null;
2020-04-30;null;null;null;null;
2020-05-31;null;null;null;null;
2020-06-30;null;null;null;null;
2020-07-31;null;null;null;null;
2020-08-31;null;null;null;null;
2020-09-30;null;null;null;null;
2020-10-31;null;null;null;null;
2020-11-30;null;null;null;null;
2020-12-31;null;null;null;null;
2021-01-31;null;null;null;null;
2021-02-28;null;null;null;null;
2021-03-31;null;null;null;null;
2021-04-30;null;null;null;null;
2021-05-31;null;null;null;null;
2021-06-30;null;null;null;null;
2021-07-31;null;null;null;null;
2021-08-31;null;null;null;null;
2021-09-30;null;null;null;null;
2021-10-31;null;null;null;null;

