Nome: PORTO VELHO
Codigo Estacao: A925
Latitude: -8.7936111
Longitude: -63.84583333
Altitude: 86.7
Situacao: Pane
Data Inicial: 2017-01-01
Data Final: 2021-10-23
Periodicidade da Medicao: Mensal

Data Medicao;NUMERO DE DIAS COM PRECIP. PLUV, MENSAL (AUT)(número);PRECIPITACAO TOTAL, MENSAL (AUT)(mm);TEMPERATURA MEDIA, MENSAL (AUT)(°C);VENTO, VELOCIDADE MEDIA MENSAL (AUT)(m/s);
2017-01-31;24;330.2;25.759946;1.363575;
2017-02-28;16;null;25.786532;1.418768;
2017-03-31;23;333.2;26.029814;1.333357;
2017-04-30;9;null;null;1.395051;
2017-05-31;1;null;null;null;
2017-06-30;null;null;null;null;
2017-07-31;null;null;null;null;
2017-08-31;3;null;null;null;
2017-09-30;3;null;null;null;
2017-10-31;2;null;null;null;
2017-11-30;null;null;null;1.523105;
2017-12-31;21;null;25.778093;1.630851;
2018-01-31;28;449.2;25.895833;1.515457;
2018-02-28;26;364.4;25.681994;1.767262;
2018-03-31;24;259.4;26.102957;1.4875;
2018-04-30;21;278;25.994583;1.323056;
2018-05-31;9;73.4;26.105538;1.270952;
2018-06-30;1;null;null;1.519975;
2018-07-31;null;null;null;null;
2018-08-31;3;null;null;null;
2018-09-30;1;null;null;null;
2018-10-31;19;116;27.037272;1.362482;
2018-11-30;20;160.4;26.827349;1.54314;
2018-12-31;26;373.4;25.950269;1.587769;
2019-01-31;25;315.8;25.8125;1.507661;
2019-02-28;25;379.4;25.921131;null;
2019-03-31;25;289.6;26.38293;null;
2019-04-30;24;168.2;26.403611;null;
2019-05-31;15;78.8;26.268548;null;
2019-06-30;8;20;26.374306;null;
2019-07-31;0;0;26.138441;null;
2019-08-31;1;.2;26.647445;null;
2019-09-30;1;null;28.763125;null;
2019-10-31;null;null;null;null;
2019-11-30;null;null;null;null;
2019-12-31;null;null;null;null;
2020-01-31;null;null;null;null;
2020-02-29;null;null;null;null;
2020-03-31;null;null;null;null;
2020-04-30;null;null;null;null;
2020-05-31;null;null;null;null;
2020-06-30;null;null;null;null;
2020-07-31;null;null;null;null;
2020-08-31;null;null;null;null;
2020-09-30;null;null;null;null;
2020-10-31;null;null;null;null;
2020-11-30;null;null;null;null;
2020-12-31;null;null;null;null;
2021-01-31;null;null;null;null;
2021-02-28;null;null;null;null;
2021-03-31;null;null;null;null;
2021-04-30;null;null;null;null;
2021-05-31;null;null;null;null;
2021-06-30;null;null;null;null;
2021-07-31;null;null;null;null;
2021-08-31;null;null;null;null;
2021-09-30;null;null;null;null;
2021-10-31;null;null;null;null;

