Nome: PORTO GRANDE
Codigo Estacao: A244
Latitude: 0.69416666
Longitude: -51.40388888
Altitude: 84.8
Situacao: Operante
Data Inicial: 2017-01-01
Data Final: 2021-10-23
Periodicidade da Medicao: Mensal

Data Medicao;NUMERO DE DIAS COM PRECIP. PLUV, MENSAL (AUT)(número);PRECIPITACAO TOTAL, MENSAL (AUT)(mm);TEMPERATURA MEDIA, MENSAL (AUT)(°C);VENTO, VELOCIDADE MEDIA MENSAL (AUT)(m/s);
2017-01-31;null;null;null;null;
2017-02-28;null;null;null;null;
2017-03-31;null;null;null;null;
2017-04-30;null;null;null;null;
2017-05-31;null;null;null;null;
2017-06-30;null;null;null;null;
2017-07-31;null;null;null;null;
2017-08-31;1;null;null;null;
2017-09-30;null;null;null;null;
2017-10-31;null;null;null;null;
2017-11-30;null;null;null;null;
2017-12-31;null;null;null;null;
2018-01-31;null;null;null;null;
2018-02-28;null;null;null;null;
2018-03-31;null;null;null;null;
2018-04-30;null;null;null;null;
2018-05-31;null;null;null;null;
2018-06-30;null;null;null;null;
2018-07-31;null;null;null;null;
2018-08-31;null;null;null;null;
2018-09-30;null;null;null;null;
2018-10-31;null;null;null;null;
2018-11-30;null;null;null;null;
2018-12-31;null;null;null;null;
2019-01-31;null;null;null;null;
2019-02-28;null;null;null;null;
2019-03-31;null;null;null;null;
2019-04-30;17;null;25.165441;null;
2019-05-31;30;377.6;25.373387;1.424731;
2019-06-30;28;224.6;25.370417;1.430972;
2019-07-31;25;146.8;25.772581;1.558468;
2019-08-31;15;60.8;26.784409;1.740591;
2019-09-30;9;44.2;27.628056;2.067917;
2019-10-31;11;58.8;27.692607;2.054839;
2019-11-30;11;176.6;27.485833;2.020278;
2019-12-31;24;158;26.449282;2.150718;
2020-01-31;21;null;25.591917;2.017294;
2020-02-29;19;null;25.616493;2.12059;
2020-03-31;26;219.6;25.771371;1.998656;
2020-04-30;23;null;25.668576;1.532212;
2020-05-31;14;null;25.766667;null;
2020-06-30;30;265.6;25.363333;1.495417;
2020-07-31;24;196.2;25.668683;1.423253;
2020-08-31;16;134.4;26.717608;1.666129;
2020-09-30;11;45.8;27.390556;1.913056;
2020-10-31;7;35.4;28.086962;2.11922;
2020-11-30;21;220.6;26.432083;1.730972;
2020-12-31;17;41.8;26.512351;1.941339;
2021-01-31;19;null;25.038277;1.888523;
2021-02-28;25;267;24.799554;2.01622;
2021-03-31;27;367.6;24.802419;1.711962;
2021-04-30;23;null;24.997569;1.552526;
2021-05-31;null;null;null;null;
2021-06-30;null;null;null;null;
2021-07-31;null;null;null;null;
2021-08-31;null;null;null;null;
2021-09-30;null;null;null;null;
2021-10-31;null;null;null;null;

