Nome: ALTAMIRA
Codigo Estacao: A253
Latitude: -3.27027777
Longitude: -52.39472221
Altitude: 191
Situacao: Pane
Data Inicial: 2018-10-24
Data Final: 2021-10-23
Periodicidade da Medicao: Mensal

Data Medicao;NUMERO DE DIAS COM PRECIP. PLUV, MENSAL (AUT)(número);PRECIPITACAO TOTAL, MENSAL (AUT)(mm);TEMPERATURA MEDIA, MENSAL (AUT)(°C);VENTO, VELOCIDADE MEDIA MENSAL (AUT)(m/s);
2018-10-31;1;null;null;null;
2018-11-30;15;115.2;26.976256;1.055658;
2018-12-31;22;230.6;25.086156;.923522;
2019-01-31;26;215;25.110753;.906586;
2019-02-28;25;178.4;25.079937;.830108;
2019-03-31;31;261.2;25.183333;.834409;
2019-04-30;29;303.2;25.31038;.808551;
2019-05-31;22;300.6;25.963306;.809409;
2019-06-30;10;41.4;26.172778;.850833;
2019-07-31;18;104.4;25.744355;.836637;
2019-08-31;9;24.2;26.674394;.970207;
2019-09-30;8;45.2;27.329861;1.08625;
2019-10-31;18;67.6;26.818683;.989785;
2019-11-30;13;87;26.809227;.928514;
2019-12-31;22;162.8;26.134409;.928763;
2020-01-31;26;251.6;25.370699;.86884;
2020-02-29;28;276.8;25.237946;.836685;
2020-03-31;null;null;null;null;
2020-04-30;null;null;null;null;
2020-05-31;null;null;null;null;
2020-06-30;null;null;null;null;
2020-07-31;null;null;null;null;
2020-08-31;null;null;null;null;
2020-09-30;null;null;null;null;
2020-10-31;null;null;null;null;
2020-11-30;null;null;null;null;
2020-12-31;null;null;null;null;
2021-01-31;null;null;null;null;
2021-02-28;null;null;null;null;
2021-03-31;null;null;null;null;
2021-04-30;null;null;null;null;
2021-05-31;null;null;null;null;
2021-06-30;null;null;null;null;
2021-07-31;null;null;null;null;
2021-08-31;null;null;null;null;
2021-09-30;null;null;null;null;
2021-10-31;null;null;null;null;

