Nome: POMPEU
Codigo Estacao: A560
Latitude: -19.23249999
Longitude: -44.96416666
Altitude: 705
Situacao: Operante
Data Inicial: 2017-01-01
Data Final: 2021-10-23
Periodicidade da Medicao: Mensal

Data Medicao;NUMERO DE DIAS COM PRECIP. PLUV, MENSAL (AUT)(número);PRECIPITACAO TOTAL, MENSAL (AUT)(mm);TEMPERATURA MEDIA, MENSAL (AUT)(°C);VENTO, VELOCIDADE MEDIA MENSAL (AUT)(m/s);
2017-01-31;8;151.2;25.009409;2.047425;
2017-02-28;10;92.6;23.880655;2.161723;
2017-03-31;5;37.2;23.799597;1.967274;
2017-04-30;6;110.8;23.288169;2.068185;
2017-05-31;7;45;20.820027;1.836156;
2017-06-30;2;24.2;19.376389;2.088611;
2017-07-31;null;0;17.777232;2.523065;
2017-08-31;null;null;null;null;
2017-09-30;null;null;null;null;
2017-10-31;2;null;25.988959;2.65972;
2017-11-30;19;151.8;23.193031;2.375598;
2017-12-31;16;251;24.075269;2.166935;
2018-01-31;3;null;null;null;
2018-02-28;1;null;null;null;
2018-03-31;1;null;null;null;
2018-04-30;null;null;null;null;
2018-05-31;null;null;null;null;
2018-06-30;null;null;null;null;
2018-07-31;null;null;null;null;
2018-08-31;null;null;null;null;
2018-09-30;null;null;null;null;
2018-10-31;null;null;null;null;
2018-11-30;null;null;null;null;
2018-12-31;null;null;null;null;
2019-01-31;null;null;null;null;
2019-02-28;null;null;null;null;
2019-03-31;null;null;null;null;
2019-04-30;null;null;null;null;
2019-05-31;null;null;null;null;
2019-06-30;null;null;null;null;
2019-07-31;null;null;null;null;
2019-08-31;null;null;null;null;
2019-09-30;null;null;null;null;
2019-10-31;null;null;null;null;
2019-11-30;null;null;null;null;
2019-12-31;null;null;null;null;
2020-01-31;null;null;null;null;
2020-02-29;null;null;null;null;
2020-03-31;null;null;null;null;
2020-04-30;null;null;null;null;
2020-05-31;null;null;null;null;
2020-06-30;null;null;null;null;
2020-07-31;null;null;null;null;
2020-08-31;null;null;null;null;
2020-09-30;null;null;null;null;
2020-10-31;null;null;null;null;
2020-11-30;null;null;null;null;
2020-12-31;null;null;null;null;
2021-01-31;null;null;null;null;
2021-02-28;null;null;null;null;
2021-03-31;null;null;null;null;
2021-04-30;null;null;null;null;
2021-05-31;null;null;null;null;
2021-06-30;null;null;null;null;
2021-07-31;null;null;null;null;
2021-08-31;null;null;null;null;
2021-09-30;null;null;null;null;
2021-10-31;4;null;null;null;

