Nome: PACAJA
Codigo Estacao: A210
Latitude: -3.8436111
Longitude: -50.63805555
Altitude: 89.02
Situacao: Pane
Data Inicial: 2017-01-01
Data Final: 2021-10-23
Periodicidade da Medicao: Mensal

Data Medicao;NUMERO DE DIAS COM PRECIP. PLUV, MENSAL (AUT)(número);PRECIPITACAO TOTAL, MENSAL (AUT)(mm);TEMPERATURA MEDIA, MENSAL (AUT)(°C);VENTO, VELOCIDADE MEDIA MENSAL (AUT)(m/s);
2017-01-31;12;null;null;.883673;
2017-02-28;7;null;null;null;
2017-03-31;5;null;null;null;
2017-04-30;null;null;null;null;
2017-05-31;null;null;null;null;
2017-06-30;null;null;null;null;
2017-07-31;6;25.2;26.410494;.439197;
2017-08-31;6;41.2;27.234626;.608908;
2017-09-30;2;null;27.651941;.75204;
2017-10-31;null;null;null;null;
2017-11-30;null;null;null;null;
2017-12-31;19;null;26.117;.001667;
2018-01-31;28;113.2;26.049597;.073925;
2018-02-28;11;null;null;null;
2018-03-31;null;null;null;null;
2018-04-30;null;null;null;null;
2018-05-31;2;null;null;null;
2018-06-30;null;null;null;null;
2018-07-31;null;null;null;null;
2018-08-31;2;null;null;null;
2018-09-30;3;null;27.269381;0;
2018-10-31;9;18.8;28.075672;0;
2018-11-30;14;145.8;27.511806;0;
2018-12-31;25;233.2;25.684274;0;
2019-01-31;30;65.8;25.646371;0;
2019-02-28;null;null;25.910268;0;
2019-03-31;30;111.4;25.653226;0;
2019-04-30;26;425;25.815667;0;
2019-05-31;2;null;null;null;
2019-06-30;1;null;null;null;
2019-07-31;null;null;26.428542;null;
2019-08-31;null;null;null;null;
2019-09-30;null;null;28.036184;null;
2019-10-31;null;null;27.901389;null;
2019-11-30;null;null;27.768478;0;
2019-12-31;null;null;27.044109;0;
2020-01-31;null;null;25.971795;0;
2020-02-29;null;null;26.155392;null;
2020-03-31;null;null;null;null;
2020-04-30;null;null;null;null;
2020-05-31;null;null;null;null;
2020-06-30;null;null;null;null;
2020-07-31;null;null;null;null;
2020-08-31;null;null;null;null;
2020-09-30;null;null;null;null;
2020-10-31;null;null;null;null;
2020-11-30;null;null;null;null;
2020-12-31;null;null;null;null;
2021-01-31;null;null;null;null;
2021-02-28;null;null;null;null;
2021-03-31;null;null;null;null;
2021-04-30;null;null;null;null;
2021-05-31;null;null;null;null;
2021-06-30;null;null;null;null;
2021-07-31;null;null;null;null;
2021-08-31;null;null;null;null;
2021-09-30;null;null;null;null;
2021-10-31;null;null;null;null;

