Nome: BARCELOS
Codigo Estacao: A128
Latitude: -0.98722221
Longitude: -62.92416666
Altitude: 29.88
Situacao: Pane
Data Inicial: 2017-01-01
Data Final: 2021-10-23
Periodicidade da Medicao: Mensal

Data Medicao;NUMERO DE DIAS COM PRECIP. PLUV, MENSAL (AUT)(número);PRECIPITACAO TOTAL, MENSAL (AUT)(mm);TEMPERATURA MEDIA, MENSAL (AUT)(°C);VENTO, VELOCIDADE MEDIA MENSAL (AUT)(m/s);
2017-01-31;null;null;null;null;
2017-02-28;3;null;null;null;
2017-03-31;20;168.4;25.989785;.946774;
2017-04-30;26;529.2;25.948056;.995694;
2017-05-31;25;243.6;26.37931;.711925;
2017-06-30;9;null;null;null;
2017-07-31;16;58.6;25.999851;.93378;
2017-08-31;10;null;null;null;
2017-09-30;null;null;null;null;
2017-10-31;null;null;null;null;
2017-11-30;null;null;null;null;
2017-12-31;null;null;null;null;
2018-01-31;null;null;null;null;
2018-02-28;null;null;null;null;
2018-03-31;null;null;null;null;
2018-04-30;null;null;null;null;
2018-05-31;null;null;null;null;
2018-06-30;null;null;null;null;
2018-07-31;null;null;null;null;
2018-08-31;null;null;null;null;
2018-09-30;null;null;null;null;
2018-10-31;null;null;null;null;
2018-11-30;10;null;null;null;
2018-12-31;19;244.8;26.018683;1.035081;
2019-01-31;23;296.6;26.446236;1.160753;
2019-02-28;13;84.6;27.301074;1.363885;
2019-03-31;12;372.2;27.469419;1.161699;
2019-04-30;24;459.4;26.549028;.985417;
2019-05-31;29;352.6;25.598925;.751344;
2019-06-30;26;286.2;25.782222;.704445;
2019-07-31;21;266.4;25.60672;.741129;
2019-08-31;11;161.8;25.865236;.712136;
2019-09-30;15;73.6;26.829028;.763472;
2019-10-31;18;96.8;26.184087;.894472;
2019-11-30;24;242.2;26.428642;.886965;
2019-12-31;27;300.2;26.155487;.851952;
2020-01-31;null;null;null;null;
2020-02-29;null;null;null;null;
2020-03-31;null;null;null;null;
2020-04-30;null;null;null;null;
2020-05-31;null;null;null;null;
2020-06-30;null;null;null;null;
2020-07-31;null;null;null;null;
2020-08-31;null;null;null;null;
2020-09-30;null;null;null;null;
2020-10-31;null;null;null;null;
2020-11-30;null;null;null;null;
2020-12-31;null;null;null;null;
2021-01-31;null;null;null;null;
2021-02-28;null;null;null;null;
2021-03-31;null;null;null;null;
2021-04-30;null;null;null;null;
2021-05-31;null;null;null;null;
2021-06-30;null;null;null;null;
2021-07-31;null;null;null;null;
2021-08-31;null;null;null;null;
2021-09-30;null;null;null;null;
2021-10-31;null;null;null;null;

