Nome: GRAJAU
Codigo Estacao: A207
Latitude: -5.81611111
Longitude: -46.16222222
Altitude: 232.29
Situacao: Pane
Data Inicial: 2017-01-01
Data Final: 2021-10-23
Periodicidade da Medicao: Mensal

Data Medicao;NUMERO DE DIAS COM PRECIP. PLUV, MENSAL (AUT)(número);PRECIPITACAO TOTAL, MENSAL (AUT)(mm);TEMPERATURA MEDIA, MENSAL (AUT)(°C);VENTO, VELOCIDADE MEDIA MENSAL (AUT)(m/s);
2017-01-31;20;212.4;25.755645;null;
2017-02-28;17;175.4;25.730952;null;
2017-03-31;18;185.8;25.88172;null;
2017-04-30;16;91.2;26.222083;null;
2017-05-31;null;null;26.761559;null;
2017-06-30;3;26.2;26.780278;null;
2017-07-31;1;.2;27.222715;null;
2017-08-31;0;0;28.361746;null;
2017-09-30;0;0;30.123333;null;
2017-10-31;2;14.4;30.208018;null;
2017-11-30;12;51.2;28.015972;null;
2017-12-31;1;null;null;null;
2018-01-31;null;null;null;null;
2018-02-28;null;null;null;null;
2018-03-31;null;null;null;null;
2018-04-30;null;null;null;null;
2018-05-31;6;9.8;26.532796;1.629839;
2018-06-30;2;2.6;26.516389;1.751528;
2018-07-31;0;0;27.107258;1.696774;
2018-08-31;0;0;27.845833;1.662231;
2018-09-30;2;1;29.140278;1.70875;
2018-10-31;6;36.2;28.901882;1.656452;
2018-11-30;2;null;null;null;
2018-12-31;null;null;null;null;
2019-01-31;null;null;null;null;
2019-02-28;null;null;null;null;
2019-03-31;null;null;null;null;
2019-04-30;null;null;null;null;
2019-05-31;5;null;26.174167;null;
2019-06-30;2;.8;26.637917;null;
2019-07-31;2;5.8;26.561828;null;
2019-08-31;0;0;27.832661;null;
2019-09-30;1;2.2;29.184306;null;
2019-10-31;5;111.2;28.424462;null;
2019-11-30;10;22.2;28.194583;null;
2019-12-31;null;null;28.04879;null;
2020-01-31;25;226.8;27.500269;null;
2020-02-29;29;80.2;27.866667;null;
2020-03-31;14;28;26.657392;null;
2020-04-30;16;65.4;26.479861;null;
2020-05-31;null;null;27.780242;null;
2020-06-30;null;0;27.021944;null;
2020-07-31;0;0;27.063441;null;
2020-08-31;0;0;27.986694;null;
2020-09-30;0;0;29.236528;null;
2020-10-31;0;0;29.276882;null;
2020-11-30;null;null;27.343472;null;
2020-12-31;null;null;26.734409;null;
2021-01-31;null;null;25.990726;null;
2021-02-28;null;null;null;null;
2021-03-31;null;null;null;null;
2021-04-30;null;null;null;null;
2021-05-31;null;null;null;null;
2021-06-30;null;null;null;null;
2021-07-31;null;null;null;null;
2021-08-31;null;null;null;null;
2021-09-30;null;null;null;null;
2021-10-31;null;null;null;null;

