Nome: PORTO WALTER
Codigo Estacao: A136
Latitude: -8.26722221
Longitude: -72.74777777
Altitude: 205.35
Situacao: Pane
Data Inicial: 2017-01-01
Data Final: 2021-10-23
Periodicidade da Medicao: Mensal

Data Medicao;NUMERO DE DIAS COM PRECIP. PLUV, MENSAL (AUT)(número);PRECIPITACAO TOTAL, MENSAL (AUT)(mm);TEMPERATURA MEDIA, MENSAL (AUT)(°C);VENTO, VELOCIDADE MEDIA MENSAL (AUT)(m/s);
2017-01-31;null;null;null;null;
2017-02-28;null;null;null;null;
2017-03-31;null;null;null;null;
2017-04-30;null;null;null;null;
2017-05-31;null;null;null;null;
2017-06-30;null;null;null;null;
2017-07-31;null;null;null;null;
2017-08-31;null;null;null;null;
2017-09-30;10;null;25.715586;1.12086;
2017-10-31;12;124;26.170296;1.436813;
2017-11-30;18;240.4;25.910833;1.395942;
2017-12-31;19;152.6;25.76035;1.570565;
2018-01-31;25;126.8;25.203764;1.467284;
2018-02-28;20;183.8;25.420982;1.374541;
2018-03-31;26;132.2;25.377151;1.322984;
2018-04-30;24;249.4;25.196667;1.290682;
2018-05-31;21;330;24.789247;1.09183;
2018-06-30;5;54;23.851806;1.153195;
2018-07-31;10;40.6;24.908199;1.08871;
2018-08-31;13;51.4;24.725269;1.154301;
2018-09-30;7;91.6;25.997917;1.298472;
2018-10-31;18;353.8;25.891532;1.329973;
2018-11-30;27;485.8;25.542917;1.313333;
2018-12-31;25;271.2;25.002688;1.536156;
2019-01-31;28;305.8;25.036694;1.320833;
2019-02-28;23;264.2;25.178274;1.266816;
2019-03-31;26;318.8;25.472446;1.203898;
2019-04-30;16;85.2;25.890278;1.235;
2019-05-31;11;119.4;25.841129;1.137576;
2019-06-30;9;null;25.763377;null;
2019-07-31;14;59.2;24.523656;1.145296;
2019-08-31;3;null;24.569583;1.232148;
2019-09-30;null;null;null;null;
2019-10-31;null;null;null;null;
2019-11-30;null;null;null;null;
2019-12-31;22;330.2;25.48071;1.405401;
2020-01-31;15;157;26.179436;1.48172;
2020-02-29;24;238.6;25.92615;1.33477;
2020-03-31;10;null;26.082813;null;
2020-04-30;null;null;null;null;
2020-05-31;null;null;null;null;
2020-06-30;null;null;null;null;
2020-07-31;null;null;null;null;
2020-08-31;null;null;null;null;
2020-09-30;null;null;null;null;
2020-10-31;null;null;null;null;
2020-11-30;null;null;null;null;
2020-12-31;null;null;null;null;
2021-01-31;null;null;null;null;
2021-02-28;null;null;null;null;
2021-03-31;null;null;null;null;
2021-04-30;null;null;null;null;
2021-05-31;null;null;null;null;
2021-06-30;null;null;null;null;
2021-07-31;null;null;null;null;
2021-08-31;null;null;null;null;
2021-09-30;null;null;null;null;
2021-10-31;null;null;null;null;

