Nome: ITAPIPOCA
Codigo Estacao: A359
Latitude: -3.48416666
Longitude: -39.5886111
Altitude: 104.49
Situacao: Pane
Data Inicial: 2017-01-01
Data Final: 2021-10-23
Periodicidade da Medicao: Mensal

Data Medicao;NUMERO DE DIAS COM PRECIP. PLUV, MENSAL (AUT)(número);PRECIPITACAO TOTAL, MENSAL (AUT)(mm);TEMPERATURA MEDIA, MENSAL (AUT)(°C);VENTO, VELOCIDADE MEDIA MENSAL (AUT)(m/s);
2017-01-31;22;68.8;27.987231;4.375269;
2017-02-28;20;200.2;26.995685;3.435119;
2017-03-31;27;242.2;26.214785;2.432527;
2017-04-30;20;175.6;27.064583;2.928713;
2017-05-31;15;98.6;27.419892;3.127309;
2017-06-30;9;47.6;27.459583;3.321688;
2017-07-31;7;11.4;27.642473;3.076613;
2017-08-31;0;0;28.164516;4.773387;
2017-09-30;0;0;28.368889;5.320555;
2017-10-31;3;null;28.3975;null;
2017-11-30;null;null;null;null;
2017-12-31;10;null;28.087019;4.88109;
2018-01-31;18;101.8;27.588792;3.919396;
2018-02-28;25;293.6;25.866518;2.325298;
2018-03-31;26;186;26.887903;2.96035;
2018-04-30;null;null;26.39375;2.397778;
2018-05-31;null;null;26.563306;2.661828;
2018-06-30;2;1.2;27.084444;3.553194;
2018-07-31;4;2.8;27.208468;3.806855;
2018-08-31;1;.4;27.640995;4.586694;
2018-09-30;1;3;28.234306;5.199028;
2018-10-31;null;0;28.404006;5.13141;
2018-11-30;null;null;null;null;
2018-12-31;null;null;null;null;
2019-01-31;null;null;null;null;
2019-02-28;2;null;null;null;
2019-03-31;27;364;25.865591;1.864382;
2019-04-30;17;null;26.049616;null;
2019-05-31;14;null;26.860123;2.861582;
2019-06-30;null;null;null;null;
2019-07-31;null;null;null;null;
2019-08-31;null;null;null;null;
2019-09-30;null;null;null;null;
2019-10-31;null;null;null;null;
2019-11-30;2;null;null;null;
2019-12-31;null;null;null;null;
2020-01-31;null;null;null;null;
2020-02-29;null;null;null;null;
2020-03-31;null;null;null;null;
2020-04-30;null;null;null;null;
2020-05-31;null;null;null;null;
2020-06-30;null;null;null;null;
2020-07-31;null;null;null;null;
2020-08-31;null;null;null;null;
2020-09-30;null;null;null;null;
2020-10-31;null;null;null;null;
2020-11-30;null;null;null;null;
2020-12-31;null;null;null;null;
2021-01-31;null;null;null;null;
2021-02-28;null;null;null;null;
2021-03-31;null;null;null;null;
2021-04-30;null;null;null;null;
2021-05-31;null;null;null;null;
2021-06-30;null;null;null;null;
2021-07-31;null;null;null;null;
2021-08-31;null;null;null;null;
2021-09-30;null;null;null;null;
2021-10-31;null;null;null;null;

