Nome: CORRENTE
Codigo Estacao: A374
Latitude: -10.42916666
Longitude: -45.17305554
Altitude: 452
Situacao: Operante
Data Inicial: 2018-03-27
Data Final: 2021-10-23
Periodicidade da Medicao: Mensal

Data Medicao;NUMERO DE DIAS COM PRECIP. PLUV, MENSAL (AUT)(número);PRECIPITACAO TOTAL, MENSAL (AUT)(mm);TEMPERATURA MEDIA, MENSAL (AUT)(°C);VENTO, VELOCIDADE MEDIA MENSAL (AUT)(m/s);
2018-03-31;2;null;null;null;
2018-04-30;5;46.8;24.395417;1.151389;
2018-05-31;0;0;24.820161;1.364382;
2018-06-30;0;0;23.499583;1.454722;
2018-07-31;0;0;23.235484;1.392876;
2018-08-31;2;2.4;26.099194;1.629839;
2018-09-30;0;0;28.184861;1.657778;
2018-10-31;12;58.8;28.753763;1.685349;
2018-11-30;11;127.8;26.827639;1.569583;
2018-12-31;13;205.8;24.964516;1.32957;
2019-01-31;10;58.2;25.877285;1.371505;
2019-02-28;15;144.6;25.399554;1.33497;
2019-03-31;16;206.2;25.696774;1.277016;
2019-04-30;10;164.2;25.110833;1.119861;
2019-05-31;4;61.4;24.874194;1.186425;
2019-06-30;0;0;23.455278;1.388333;
2019-07-31;0;0;23.961694;1.479839;
2019-08-31;0;0;24.874865;1.752016;
2019-09-30;1;.6;27.644028;1.660972;
2019-10-31;4;38.8;29.044489;1.776613;
2019-11-30;7;68.8;29.009034;1.706115;
2019-12-31;4;38.4;28.526199;1.746506;
2020-01-31;16;null;25.708057;1.291019;
2020-02-29;13;null;25.033263;1.193661;
2020-03-31;4;null;null;null;
2020-04-30;null;null;null;null;
2020-05-31;null;null;null;null;
2020-06-30;null;null;null;null;
2020-07-31;null;null;null;null;
2020-08-31;null;null;null;null;
2020-09-30;null;null;null;null;
2020-10-31;null;null;null;null;
2020-11-30;null;null;null;null;
2020-12-31;null;null;null;null;
2021-01-31;null;null;null;null;
2021-02-28;null;null;null;null;
2021-03-31;null;null;null;null;
2021-04-30;null;null;null;null;
2021-05-31;null;null;null;null;
2021-06-30;null;null;null;null;
2021-07-31;null;null;null;null;
2021-08-31;null;null;null;null;
2021-09-30;null;null;28.310239;1.554064;
2021-10-31;3;null;null;null;

