Nome: ITAUBAL
Codigo Estacao: A251
Latitude: 0.56777777
Longitude: -50.8236111
Altitude: 21
Situacao: Pane
Data Inicial: 2017-08-23
Data Final: 2021-10-23
Periodicidade da Medicao: Mensal

Data Medicao;NUMERO DE DIAS COM PRECIP. PLUV, MENSAL (AUT)(número);PRECIPITACAO TOTAL, MENSAL (AUT)(mm);TEMPERATURA MEDIA, MENSAL (AUT)(°C);VENTO, VELOCIDADE MEDIA MENSAL (AUT)(m/s);
2017-08-31;null;null;null;null;
2017-09-30;7;22.8;27.865139;2.565;
2017-10-31;2;2.8;28.108199;2.731452;
2017-11-30;2;1;28.1675;2.9125;
2017-12-31;18;162;26.779436;2.168011;
2018-01-31;28;304.4;25.724622;1.394207;
2018-02-28;6;null;null;null;
2018-03-31;null;null;null;null;
2018-04-30;null;null;null;null;
2018-05-31;null;null;null;null;
2018-06-30;6;null;null;null;
2018-07-31;24;219.8;26.322043;2.05;
2018-08-31;4;7;27.049851;2.225;
2018-09-30;3;21.8;27.82;2.617361;
2018-10-31;3;27;28.082258;2.513844;
2018-11-30;6;80.8;28.175556;2.529167;
2018-12-31;28;371.6;25.414785;1.262699;
2019-01-31;26;256.2;25.663441;1.311828;
2019-02-28;24;null;25.701923;1.120994;
2019-03-31;null;null;null;null;
2019-04-30;null;null;null;null;
2019-05-31;null;null;null;null;
2019-06-30;null;null;null;null;
2019-07-31;null;null;null;null;
2019-08-31;null;null;null;null;
2019-09-30;null;null;null;null;
2019-10-31;null;null;null;null;
2019-11-30;null;null;null;null;
2019-12-31;null;null;null;null;
2020-01-31;null;null;null;null;
2020-02-29;null;null;null;null;
2020-03-31;null;null;null;null;
2020-04-30;null;null;null;null;
2020-05-31;null;null;null;null;
2020-06-30;null;null;null;null;
2020-07-31;null;null;null;null;
2020-08-31;null;null;null;null;
2020-09-30;null;null;null;null;
2020-10-31;null;null;null;null;
2020-11-30;null;null;null;null;
2020-12-31;null;null;null;null;
2021-01-31;null;null;null;null;
2021-02-28;null;null;null;null;
2021-03-31;null;null;null;null;
2021-04-30;null;null;null;null;
2021-05-31;null;null;null;null;
2021-06-30;null;null;null;null;
2021-07-31;null;null;null;null;
2021-08-31;null;null;null;null;
2021-09-30;null;null;null;null;
2021-10-31;null;null;null;null;

