Nome: AIMORES
Codigo Estacao: A534
Latitude: -19.53277777
Longitude: -41.09083333
Altitude: 287.74
Situacao: Pane
Data Inicial: 2017-01-01
Data Final: 2021-10-23
Periodicidade da Medicao: Mensal

Data Medicao;NUMERO DE DIAS COM PRECIP. PLUV, MENSAL (AUT)(número);PRECIPITACAO TOTAL, MENSAL (AUT)(mm);TEMPERATURA MEDIA, MENSAL (AUT)(°C);VENTO, VELOCIDADE MEDIA MENSAL (AUT)(m/s);
2017-01-31;null;32.8;26.596774;3.187903;
2017-02-28;null;108;25.336161;2.724851;
2017-03-31;null;95.6;25.765007;2.536284;
2017-04-30;null;109.4;24.335972;2.208856;
2017-05-31;null;null;22.339757;2.167882;
2017-06-30;null;null;21.760796;null;
2017-07-31;null;14;19.656586;2.43078;
2017-08-31;null;.6;20.781183;2.947312;
2017-09-30;null;10;21.767222;3.800139;
2017-10-31;null;25;24.850538;3.83172;
2017-11-30;null;74.8;23.542083;2.647844;
2017-12-31;null;null;24.393683;2.495968;
2018-01-31;null;null;26.161156;2.898522;
2018-02-28;null;null;null;2.649382;
2018-03-31;null;null;null;null;
2018-04-30;null;null;null;null;
2018-05-31;null;null;null;null;
2018-06-30;null;null;null;null;
2018-07-31;null;.2;21.886694;2.208871;
2018-08-31;null;9;22.245968;2.868548;
2018-09-30;null;8.2;23.372083;3.32;
2018-10-31;null;85.6;24.40914;3.432124;
2018-11-30;null;111.2;24.079028;3.13125;
2018-12-31;null;259.2;24.915417;2.419355;
2019-01-31;null;12;null;3.091667;
2019-02-28;null;111.8;null;2.269197;
2019-03-31;null;83.8;null;2.219834;
2019-04-30;null;12;26.179167;2.526944;
2019-05-31;null;124.8;24.38871;2.029301;
2019-06-30;null;.6;22.680972;2.091944;
2019-07-31;null;3.8;21.825134;2.32285;
2019-08-31;null;.4;22.098994;2.7453;
2019-09-30;null;null;23.983173;3.382372;
2019-10-31;null;16.4;25.015774;3.562054;
2019-11-30;null;26.6;24.985345;3.018678;
2019-12-31;null;null;24.989773;2.862733;
2020-01-31;null;null;25.895701;2.467831;
2020-02-29;null;215.8;25.93631;2.385714;
2020-03-31;null;null;25.074262;null;
2020-04-30;null;null;22.651279;null;
2020-05-31;null;null;null;null;
2020-06-30;null;null;null;null;
2020-07-31;null;null;null;null;
2020-08-31;null;null;null;null;
2020-09-30;null;null;null;null;
2020-10-31;null;null;null;null;
2020-11-30;null;null;null;null;
2020-12-31;null;null;null;null;
2021-01-31;null;null;null;null;
2021-02-28;null;null;null;null;
2021-03-31;null;null;null;null;
2021-04-30;null;null;null;null;
2021-05-31;null;null;null;null;
2021-06-30;null;null;null;null;
2021-07-31;null;null;null;null;
2021-08-31;null;null;null;null;
2021-09-30;null;null;null;null;
2021-10-31;null;null;null;null;

