Nome: OIAPOQUE
Codigo Estacao: A242
Latitude: 3.81361111
Longitude: -51.8625
Altitude: 15.14
Situacao: Pane
Data Inicial: 2017-01-01
Data Final: 2021-10-23
Periodicidade da Medicao: Mensal

Data Medicao;NUMERO DE DIAS COM PRECIP. PLUV, MENSAL (AUT)(número);PRECIPITACAO TOTAL, MENSAL (AUT)(mm);TEMPERATURA MEDIA, MENSAL (AUT)(°C);VENTO, VELOCIDADE MEDIA MENSAL (AUT)(m/s);
2017-01-31;26;518.8;24.599866;.873253;
2017-02-28;24;469;24.555208;.963839;
2017-03-31;27;652.8;24.686022;.896102;
2017-04-30;22;440.8;25.385863;.923512;
2017-05-31;null;null;null;null;
2017-06-30;null;null;null;null;
2017-07-31;null;null;null;null;
2017-08-31;null;null;null;null;
2017-09-30;3;null;null;null;
2017-10-31;11;17;26.702822;1.036828;
2017-11-30;2;null;null;null;
2017-12-31;null;null;null;null;
2018-01-31;null;null;null;null;
2018-02-28;null;null;null;null;
2018-03-31;null;null;null;null;
2018-04-30;null;null;null;null;
2018-05-31;null;null;null;null;
2018-06-30;3;null;null;null;
2018-07-31;29;242.6;25.232661;.776613;
2018-08-31;11;32;25.939113;.877419;
2018-09-30;11;30.4;26.44875;.939583;
2018-10-31;4;23.8;26.878226;1.010349;
2018-11-30;19;257.6;25.850139;.960694;
2018-12-31;29;549.8;24.380242;.931048;
2019-01-31;30;297.8;24.795699;.929301;
2019-02-28;24;166.6;25.105952;1.15744;
2019-03-31;19;43.4;25.345968;1.246476;
2019-04-30;26;370;25.156944;.998333;
2019-05-31;30;518.6;25.459274;.813441;
2019-06-30;27;332.8;25.589028;.761528;
2019-07-31;1;null;null;null;
2019-08-31;null;null;null;null;
2019-09-30;null;null;null;null;
2019-10-31;null;null;null;null;
2019-11-30;null;null;null;null;
2019-12-31;null;null;null;null;
2020-01-31;null;null;null;null;
2020-02-29;null;null;null;null;
2020-03-31;null;null;null;null;
2020-04-30;null;null;null;null;
2020-05-31;null;null;null;null;
2020-06-30;null;null;null;null;
2020-07-31;null;null;null;null;
2020-08-31;null;null;null;null;
2020-09-30;null;null;null;null;
2020-10-31;null;null;null;null;
2020-11-30;null;null;null;null;
2020-12-31;null;null;null;null;
2021-01-31;null;null;null;null;
2021-02-28;null;null;null;null;
2021-03-31;null;null;null;null;
2021-04-30;null;null;null;null;
2021-05-31;null;null;null;null;
2021-06-30;null;null;null;null;
2021-07-31;null;null;null;null;
2021-08-31;null;null;null;null;
2021-09-30;null;null;null;null;
2021-10-31;null;null;null;null;

