Nome: CAMPO MAIOR
Codigo Estacao: A376
Latitude: -4.86416666
Longitude: -42.14555555
Altitude: 125
Situacao: Pane
Data Inicial: 2018-11-22
Data Final: 2021-10-23
Periodicidade da Medicao: Mensal

Data Medicao;NUMERO DE DIAS COM PRECIP. PLUV, MENSAL (AUT)(número);PRECIPITACAO TOTAL, MENSAL (AUT)(mm);TEMPERATURA MEDIA, MENSAL (AUT)(°C);VENTO, VELOCIDADE MEDIA MENSAL (AUT)(m/s);
2018-11-30;1;null;null;null;
2018-12-31;10;null;null;null;
2019-01-31;null;null;null;null;
2019-02-28;null;null;null;null;
2019-03-31;6;null;null;null;
2019-04-30;23;317.8;26.395833;1.152083;
2019-05-31;23;91.6;26.94879;1.240054;
2019-06-30;6;10;27.027778;1.654306;
2019-07-31;8;9.4;27.704839;1.902688;
2019-08-31;4;1.6;28.782527;2.047312;
2019-09-30;4;12;29.864722;2.049444;
2019-10-31;5;11.2;30.249059;2.187903;
2019-11-30;5;15.6;30.606805;2.085556;
2019-12-31;5;7.4;30.225941;2.044624;
2020-01-31;19;148.6;26.96129;1.325134;
2020-02-29;null;null;26.521839;1.086925;
2020-03-31;null;null;26.437634;1.140726;
2020-04-30;null;null;26.900139;1.360417;
2020-05-31;null;null;27.097043;1.540188;
2020-06-30;6;3.4;27.443472;2.093472;
2020-07-31;null;null;null;null;
2020-08-31;null;null;null;null;
2020-09-30;null;null;null;null;
2020-10-31;null;null;null;null;
2020-11-30;null;null;null;null;
2020-12-31;null;null;null;null;
2021-01-31;null;null;null;null;
2021-02-28;null;null;null;null;
2021-03-31;null;null;null;null;
2021-04-30;null;null;null;null;
2021-05-31;null;null;null;null;
2021-06-30;null;null;null;null;
2021-07-31;null;null;null;null;
2021-08-31;null;null;null;null;
2021-09-30;null;null;null;null;
2021-10-31;null;null;null;null;

