Nome: GOIOERE
Codigo Estacao: A825
Latitude: -24.15833333
Longitude: -53.03055554
Altitude: 452.34
Situacao: Pane
Data Inicial: 2017-01-01
Data Final: 2021-10-23
Periodicidade da Medicao: Mensal

Data Medicao;NUMERO DE DIAS COM PRECIP. PLUV, MENSAL (AUT)(número);PRECIPITACAO TOTAL, MENSAL (AUT)(mm);TEMPERATURA MEDIA, MENSAL (AUT)(°C);VENTO, VELOCIDADE MEDIA MENSAL (AUT)(m/s);
2017-01-31;3;null;null;null;
2017-02-28;null;null;null;null;
2017-03-31;null;null;null;null;
2017-04-30;null;null;null;null;
2017-05-31;null;null;null;null;
2017-06-30;null;null;null;null;
2017-07-31;null;null;null;null;
2017-08-31;null;null;null;null;
2017-09-30;null;null;null;null;
2017-10-31;null;null;null;null;
2017-11-30;null;null;null;null;
2017-12-31;null;null;null;null;
2018-01-31;null;null;null;null;
2018-02-28;null;null;null;null;
2018-03-31;null;null;null;null;
2018-04-30;null;null;null;null;
2018-05-31;null;null;null;null;
2018-06-30;null;null;null;null;
2018-07-31;null;null;null;null;
2018-08-31;null;null;null;null;
2018-09-30;null;null;null;null;
2018-10-31;null;null;null;null;
2018-11-30;null;null;null;null;
2018-12-31;null;null;null;null;
2019-01-31;null;null;null;null;
2019-02-28;null;null;null;null;
2019-03-31;null;null;null;null;
2019-04-30;null;null;null;null;
2019-05-31;null;null;null;null;
2019-06-30;null;null;null;null;
2019-07-31;null;null;null;null;
2019-08-31;null;null;null;null;
2019-09-30;null;null;null;null;
2019-10-31;null;null;null;null;
2019-11-30;3;null;null;null;
2019-12-31;13;311.4;24.055914;null;
2020-01-31;17;115;25.091935;null;
2020-02-29;10;130.2;25.365517;null;
2020-03-31;6;53;25.241935;null;
2020-04-30;3;53.4;21.46875;null;
2020-05-31;8;85.6;18.185484;null;
2020-06-30;12;115.4;19.7975;null;
2020-07-31;7;66;18.745161;null;
2020-08-31;7;null;20.476316;null;
2020-09-30;null;null;null;null;
2020-10-31;null;null;null;null;
2020-11-30;null;null;null;null;
2020-12-31;null;null;null;null;
2021-01-31;null;null;null;null;
2021-02-28;null;null;null;null;
2021-03-31;null;null;null;null;
2021-04-30;null;null;null;null;
2021-05-31;null;null;null;null;
2021-06-30;null;null;null;null;
2021-07-31;null;null;null;null;
2021-08-31;null;null;null;null;
2021-09-30;null;null;null;null;
2021-10-31;null;null;null;null;

