Nome: COARI
Codigo Estacao: A117
Latitude: -4.09749999
Longitude: -63.14527777
Altitude: 33.84
Situacao: Pane
Data Inicial: 2017-01-01
Data Final: 2021-10-23
Periodicidade da Medicao: Mensal

Data Medicao;NUMERO DE DIAS COM PRECIP. PLUV, MENSAL (AUT)(número);PRECIPITACAO TOTAL, MENSAL (AUT)(mm);TEMPERATURA MEDIA, MENSAL (AUT)(°C);VENTO, VELOCIDADE MEDIA MENSAL (AUT)(m/s);
2017-01-31;22;270.8;25.861828;1.103226;
2017-02-28;2;null;null;null;
2017-03-31;1;null;null;null;
2017-04-30;21;144.2;26.806528;1.083611;
2017-05-31;20;214.6;27.264113;1;
2017-06-30;17;181.4;27.022917;.984583;
2017-07-31;7;43;26.751747;1.046237;
2017-08-31;11;198.6;27.798387;1.084274;
2017-09-30;14;82.4;27.038472;.975833;
2017-10-31;12;92.8;27.196237;1.28172;
2017-11-30;21;254.4;27.281389;1.228333;
2017-12-31;24;448.6;26.696237;1.309677;
2018-01-31;24;142.6;26.351747;1.30672;
2018-02-28;21;249.4;26.367113;1.414881;
2018-03-31;22;167.2;26.685618;1.295833;
2018-04-30;21;240;26.061111;1.154444;
2018-05-31;14;null;26.308578;null;
2018-06-30;null;null;null;null;
2018-07-31;null;null;null;null;
2018-08-31;null;null;null;null;
2018-09-30;null;null;null;null;
2018-10-31;null;null;null;null;
2018-11-30;null;null;null;null;
2018-12-31;10;null;null;null;
2019-01-31;24;328.4;26.293817;1.294892;
2019-02-28;19;166.2;26.892178;1.394662;
2019-03-31;15;204.2;27.386021;1.457258;
2019-04-30;26;345.8;26.845556;.968194;
2019-05-31;23;358.4;26.817561;.965977;
2019-06-30;18;144;26.847361;.859722;
2019-07-31;15;94.2;26.818548;.939516;
2019-08-31;11;23;27.06087;.912772;
2019-09-30;10;51.6;28.259722;1.088056;
2019-10-31;18;224.4;26.695383;1.011033;
2019-11-30;18;215.8;27.040731;1.045205;
2019-12-31;25;353.6;26.559432;.978401;
2020-01-31;6;null;null;null;
2020-02-29;null;null;null;null;
2020-03-31;null;null;null;null;
2020-04-30;null;null;null;null;
2020-05-31;null;null;null;null;
2020-06-30;null;null;null;null;
2020-07-31;null;null;null;null;
2020-08-31;null;null;null;null;
2020-09-30;null;null;null;null;
2020-10-31;null;null;null;null;
2020-11-30;null;null;null;null;
2020-12-31;null;null;null;null;
2021-01-31;null;null;null;null;
2021-02-28;null;null;null;null;
2021-03-31;null;null;null;null;
2021-04-30;null;null;null;null;
2021-05-31;null;null;null;null;
2021-06-30;null;null;null;null;
2021-07-31;null;null;null;null;
2021-08-31;null;null;null;null;
2021-09-30;null;null;null;null;
2021-10-31;null;null;null;null;

