Nome: MINA DO PALITO
Codigo Estacao: A246
Latitude: -6.31999999
Longitude: -55.78777777
Altitude: 259.88
Situacao: Pane
Data Inicial: 2017-01-01
Data Final: 2021-10-23
Periodicidade da Medicao: Mensal

Data Medicao;NUMERO DE DIAS COM PRECIP. PLUV, MENSAL (AUT)(número);PRECIPITACAO TOTAL, MENSAL (AUT)(mm);TEMPERATURA MEDIA, MENSAL (AUT)(°C);VENTO, VELOCIDADE MEDIA MENSAL (AUT)(m/s);
2017-01-31;null;null;null;null;
2017-02-28;null;null;null;null;
2017-03-31;null;null;null;null;
2017-04-30;null;null;null;null;
2017-05-31;null;null;null;null;
2017-06-30;null;null;null;null;
2017-07-31;null;null;null;null;
2017-08-31;null;6.2;27.470833;.90793;
2017-09-30;null;null;27.33625;.954306;
2017-10-31;null;185.4;26.339382;1.031855;
2017-11-30;null;259.4;25.222222;.963055;
2017-12-31;null;126;24.725806;.934274;
2018-01-31;null;null;24.546102;.951613;
2018-02-28;null;null;24.319345;1.036756;
2018-03-31;null;null;25.096237;1.01129;
2018-04-30;null;null;24.871111;.984306;
2018-05-31;null;null;25.388441;.956989;
2018-06-30;null;1.6;25.934861;1.061667;
2018-07-31;null;null;26.420296;1.006048;
2018-08-31;null;null;25.980108;.94207;
2018-09-30;null;null;null;null;
2018-10-31;null;null;null;null;
2018-11-30;null;null;null;null;
2018-12-31;null;null;null;null;
2019-01-31;null;null;null;null;
2019-02-28;null;null;null;null;
2019-03-31;null;null;null;null;
2019-04-30;null;null;null;null;
2019-05-31;null;null;null;null;
2019-06-30;null;null;26.195052;null;
2019-07-31;null;22.2;26.477285;.94543;
2019-08-31;null;5;27.234297;.945374;
2019-09-30;null;109.2;26.471945;1.002778;
2019-10-31;null;109.2;25.538003;.994986;
2019-11-30;null;264.8;25.294831;.922603;
2019-12-31;null;186.2;25.387634;.910349;
2020-01-31;null;347.6;25.004436;.942608;
2020-02-29;null;268.4;25.182365;.917829;
2020-03-31;null;388.4;25.251788;.977677;
2020-04-30;null;269.4;25.267083;.947083;
2020-05-31;null;184;25.904973;.926075;
2020-06-30;null;24.6;26.575972;1.009306;
2020-07-31;null;11;27.001042;.972768;
2020-08-31;null;null;null;null;
2020-09-30;null;null;null;null;
2020-10-31;null;null;null;null;
2020-11-30;null;null;null;null;
2020-12-31;null;null;null;null;
2021-01-31;null;null;null;null;
2021-02-28;null;null;null;null;
2021-03-31;null;null;null;null;
2021-04-30;null;null;null;null;
2021-05-31;null;null;null;null;
2021-06-30;null;null;null;null;
2021-07-31;null;null;null;null;
2021-08-31;null;null;null;null;
2021-09-30;null;null;null;null;
2021-10-31;null;null;null;null;

