Nome: QUIXADA
Codigo Estacao: A369
Latitude: -4.97888888
Longitude: -39.05722222
Altitude: 193
Situacao: Pane
Data Inicial: 2018-03-19
Data Final: 2021-10-23
Periodicidade da Medicao: Mensal

Data Medicao;NUMERO DE DIAS COM PRECIP. PLUV, MENSAL (AUT)(número);PRECIPITACAO TOTAL, MENSAL (AUT)(mm);TEMPERATURA MEDIA, MENSAL (AUT)(°C);VENTO, VELOCIDADE MEDIA MENSAL (AUT)(m/s);
2018-03-31;9;null;null;null;
2018-04-30;26;226.4;25.568611;1.224861;
2018-05-31;12;119;25.562097;null;
2018-06-30;4;8.6;25.338333;null;
2018-07-31;3;4;26.311425;1.751333;
2018-08-31;2;1.4;27.395161;2.192608;
2018-09-30;0;0;27.905278;2.546111;
2018-10-31;2;1;28.438978;2.744355;
2018-11-30;4;7.6;28.84375;2.7625;
2018-12-31;11;48.2;28.084274;2.105242;
2019-01-31;19;126.6;27.34328;1.856317;
2019-02-28;18;195;26.47619;1.407887;
2019-03-31;22;142;26.024731;1.227957;
2019-04-30;24;206.2;26.034722;null;
2019-05-31;12;44.6;26.320699;null;
2019-06-30;5;11.4;26.601111;null;
2019-07-31;11;29.8;26.669892;null;
2019-08-31;2;.6;27.200672;null;
2019-09-30;1;.2;28.053611;null;
2019-10-31;1;.4;28.417204;null;
2019-11-30;null;null;28.918939;null;
2019-12-31;null;null;null;null;
2020-01-31;null;null;null;null;
2020-02-29;null;null;null;null;
2020-03-31;null;null;null;null;
2020-04-30;null;null;null;null;
2020-05-31;null;null;null;null;
2020-06-30;null;null;null;null;
2020-07-31;null;null;null;null;
2020-08-31;null;null;null;null;
2020-09-30;null;null;null;null;
2020-10-31;null;null;null;null;
2020-11-30;null;null;null;null;
2020-12-31;null;null;null;null;
2021-01-31;null;null;null;null;
2021-02-28;null;null;null;null;
2021-03-31;null;null;null;null;
2021-04-30;null;null;null;null;
2021-05-31;null;null;null;null;
2021-06-30;null;null;null;null;
2021-07-31;null;null;null;null;
2021-08-31;null;null;null;null;
2021-09-30;null;null;null;null;
2021-10-31;null;null;null;null;

