Nome: SALGUEIRO
Codigo Estacao: A370
Latitude: -8.05805555
Longitude: -39.0961111
Altitude: 447
Situacao: Operante
Data Inicial: 2017-09-14
Data Final: 2021-10-23
Periodicidade da Medicao: Mensal

Data Medicao;NUMERO DE DIAS COM PRECIP. PLUV, MENSAL (AUT)(número);PRECIPITACAO TOTAL, MENSAL (AUT)(mm);TEMPERATURA MEDIA, MENSAL (AUT)(°C);VENTO, VELOCIDADE MEDIA MENSAL (AUT)(m/s);
2017-09-30;null;null;null;null;
2017-10-31;null;null;28.007563;null;
2017-11-30;5;19;29.238539;2.633646;
2017-12-31;6;22.4;29.165117;2.543175;
2018-01-31;8;51.2;27.54602;2.1455;
2018-02-28;13;228.6;25.866194;1.39025;
2018-03-31;4;53.6;25.808435;1.47189;
2018-04-30;11;91.2;24.627252;1.235725;
2018-05-31;8;9;25.529741;2.11651;
2018-06-30;2;1.2;24.848595;2.268017;
2018-07-31;2;.6;24.475;2.520968;
2018-08-31;2;.8;25.658404;2.622031;
2018-09-30;0;0;27.377535;2.966739;
2018-10-31;7;18.2;28.59484;2.451368;
2018-11-30;0;0;29.241454;2.763198;
2018-12-31;10;225.2;27.414177;1.608348;
2019-01-31;4;20.6;28.070541;1.842456;
2019-02-28;9;165.6;27.917644;1.684136;
2019-03-31;15;179.2;27.649345;1.295226;
2019-04-30;10;65.4;27.795278;.984861;
2019-05-31;1;null;null;null;
2019-06-30;null;null;null;null;
2019-07-31;9;28.8;23.3625;2.233621;
2019-08-31;4;3.2;24.054185;2.720075;
2019-09-30;null;0;27.06466;2.833145;
2019-10-31;2;.8;28.613488;3.063581;
2019-11-30;4;19.6;29.451365;2.466099;
2019-12-31;2;12.2;28.908129;2.373662;
2020-01-31;7;null;null;null;
2020-02-29;null;null;null;null;
2020-03-31;null;null;null;null;
2020-04-30;null;null;null;null;
2020-05-31;null;null;null;null;
2020-06-30;null;null;null;null;
2020-07-31;null;null;null;null;
2020-08-31;null;null;null;null;
2020-09-30;null;null;null;null;
2020-10-31;null;null;null;null;
2020-11-30;null;null;null;null;
2020-12-31;null;null;null;null;
2021-01-31;null;null;null;null;
2021-02-28;null;null;null;null;
2021-03-31;null;null;null;null;
2021-04-30;null;null;null;null;
2021-05-31;null;null;null;null;
2021-06-30;null;null;null;null;
2021-07-31;null;null;null;null;
2021-08-31;null;null;null;null;
2021-09-30;null;null;null;null;
2021-10-31;null;null;null;null;

