Nome: CAMPINA DA LAGOA
Codigo Estacao: B803
Latitude: -24.57083332
Longitude: -52.80027777
Altitude: 598
Situacao: Pane
Data Inicial: 2017-01-01
Data Final: 2021-10-23
Periodicidade da Medicao: Mensal

Data Medicao;NUMERO DE DIAS COM PRECIP. PLUV, MENSAL (AUT)(número);PRECIPITACAO TOTAL, MENSAL (AUT)(mm);TEMPERATURA MEDIA, MENSAL (AUT)(°C);VENTO, VELOCIDADE MEDIA MENSAL (AUT)(m/s);
2017-01-31;20;181.2;23.538441;2.668817;
2017-02-28;19;301.4;24.473363;2.915476;
2017-03-31;16;142.4;23.369892;3.124462;
2017-04-30;11;169.6;20.584167;2.989861;
2017-05-31;19;161.8;21.037646;2.688692;
2017-06-30;10;196.2;19.766945;3.028056;
2017-07-31;4;5;18.460081;3.431183;
2017-08-31;11;145.2;21.818011;3.939113;
2017-09-30;5;30.8;25.871944;3.912639;
2017-10-31;18;394.4;24.912634;null;
2017-11-30;16;205.6;22.301806;null;
2017-12-31;16;291.6;23.854973;3.026841;
2018-01-31;11;null;null;null;
2018-02-28;null;null;null;null;
2018-03-31;null;null;null;null;
2018-04-30;2;null;22.283359;null;
2018-05-31;null;null;null;null;
2018-06-30;null;null;null;null;
2018-07-31;null;null;null;null;
2018-08-31;null;null;null;null;
2018-09-30;null;null;null;null;
2018-10-31;5;null;null;null;
2018-11-30;13;156.6;22.830833;3.414444;
2018-12-31;12;93;24.686694;2.919892;
2019-01-31;18;323.2;25.286962;3.103465;
2019-02-28;14;191;23.974405;3.219837;
2019-03-31;13;180.6;23.034077;2.631694;
2019-04-30;10;91;21.976335;2.145803;
2019-05-31;16;358.2;19.571201;2.702957;
2019-06-30;4;null;null;null;
2019-07-31;null;null;null;null;
2019-08-31;4;null;19.89951;null;
2019-09-30;7;78.2;23.041667;3.711365;
2019-10-31;10;45.2;24.888844;3.618145;
2019-11-30;9;132.2;24.371389;3.193164;
2019-12-31;2;null;null;null;
2020-01-31;null;null;null;null;
2020-02-29;null;null;null;null;
2020-03-31;null;null;null;null;
2020-04-30;null;null;null;null;
2020-05-31;null;null;null;null;
2020-06-30;null;null;null;null;
2020-07-31;null;null;null;null;
2020-08-31;null;null;null;null;
2020-09-30;null;null;null;null;
2020-10-31;null;null;null;null;
2020-11-30;null;null;null;null;
2020-12-31;null;null;null;null;
2021-01-31;null;null;null;null;
2021-02-28;null;null;null;null;
2021-03-31;null;null;null;null;
2021-04-30;null;null;null;null;
2021-05-31;null;null;null;null;
2021-06-30;null;null;null;null;
2021-07-31;null;null;null;null;
2021-08-31;null;null;null;null;
2021-09-30;null;null;null;null;
2021-10-31;null;null;null;null;

