Nome: ARAGUATINS
Codigo Estacao: A044
Latitude: -5.6436111
Longitude: -48.11194444
Altitude: 130.71
Situacao: Pane
Data Inicial: 2017-01-01
Data Final: 2021-10-23
Periodicidade da Medicao: Mensal

Data Medicao;NUMERO DE DIAS COM PRECIP. PLUV, MENSAL (AUT)(número);PRECIPITACAO TOTAL, MENSAL (AUT)(mm);TEMPERATURA MEDIA, MENSAL (AUT)(°C);VENTO, VELOCIDADE MEDIA MENSAL (AUT)(m/s);
2017-01-31;null;null;null;null;
2017-02-28;8;null;null;null;
2017-03-31;22;327;26.127419;1.446371;
2017-04-30;23;132.6;26.658611;1.337917;
2017-05-31;9;65.4;27.420833;1.412769;
2017-06-30;4;5.2;27.415556;1.542778;
2017-07-31;2;18.2;27.390054;1.677151;
2017-08-31;2;23.8;28.378495;1.633065;
2017-09-30;1;5.4;29.70625;1.830139;
2017-10-31;2;.8;29.478234;2.03413;
2017-11-30;11;189.8;27.496121;1.717385;
2017-12-31;18;136;26.824328;1.56586;
2018-01-31;20;283.4;26.177151;1.53293;
2018-02-28;25;266;25.504018;1.557887;
2018-03-31;25;355.6;26.181317;1.503898;
2018-04-30;21;316;26.164722;1.414028;
2018-05-31;8;25.4;27.193548;1.493414;
2018-06-30;4;3.2;27.124028;1.555278;
2018-07-31;1;3.2;27.772984;1.562231;
2018-08-31;null;null;28.110915;1.779536;
2018-09-30;null;null;null;null;
2018-10-31;null;null;null;null;
2018-11-30;null;null;null;null;
2018-12-31;4;null;null;null;
2019-01-31;21;255;26.15793;1.507124;
2019-02-28;21;239;26.291667;1.464732;
2019-03-31;25;360.4;26.085215;1.462903;
2019-04-30;17;156.2;26.78;1.403472;
2019-05-31;12;117.6;27.28293;1.403898;
2019-06-30;1;null;27.415799;1.54184;
2019-07-31;null;null;null;null;
2019-08-31;null;null;null;null;
2019-09-30;null;null;null;null;
2019-10-31;4;null;null;null;
2019-11-30;1;null;null;null;
2019-12-31;7;null;null;null;
2020-01-31;21;401.4;26.439732;1.590179;
2020-02-29;15;null;26.617754;1.552899;
2020-03-31;15;null;26.341477;null;
2020-04-30;11;null;null;null;
2020-05-31;5;null;null;null;
2020-06-30;null;null;null;null;
2020-07-31;null;null;null;null;
2020-08-31;null;null;null;null;
2020-09-30;null;null;null;null;
2020-10-31;2;null;null;null;
2020-11-30;4;null;null;null;
2020-12-31;4;null;26.830556;null;
2021-01-31;7;null;null;null;
2021-02-28;null;null;null;null;
2021-03-31;null;null;null;null;
2021-04-30;null;null;null;null;
2021-05-31;null;null;null;null;
2021-06-30;null;null;null;null;
2021-07-31;null;null;null;null;
2021-08-31;null;null;null;null;
2021-09-30;null;null;null;null;
2021-10-31;null;null;null;null;

