Nome: SANTA MARIA DAS BARREIRAS
Codigo Estacao: A256
Latitude: -8.72972221
Longitude: -49.85638888
Altitude: 165
Situacao: Operante
Data Inicial: 2020-12-17
Data Final: 2021-10-23
Periodicidade da Medicao: Mensal

Data Medicao;NUMERO DE DIAS COM PRECIP. PLUV, MENSAL (AUT)(número);PRECIPITACAO TOTAL, MENSAL (AUT)(mm);TEMPERATURA MEDIA, MENSAL (AUT)(°C);VENTO, VELOCIDADE MEDIA MENSAL (AUT)(m/s);
2020-12-31;null;null;null;null;
2021-01-31;10;null;null;null;
2021-02-28;23;306.4;25.292262;1.644643;
2021-03-31;24;341.2;25.694624;1.625;
2021-04-30;22;294;26.058472;1.558056;
2021-05-31;5;65.4;26.863306;1.611559;
2021-06-30;0;0;27.070833;1.900417;
2021-07-31;0;0;26.789247;2.284409;
2021-08-31;0;0;28.472984;2.42043;
2021-09-30;8;88.8;28.333477;1.890661;
2021-10-31;12;null;null;null;

