Nome: ARQ.SAO PEDRO E SAO PAULO
Codigo Estacao: A302
Latitude: 0.91694443
Longitude: -29.34583333
Altitude: 15
Situacao: Desativada
Data Inicial: 2017-01-01
Data Final: 2021-04-25
Periodicidade da Medicao: Mensal

Data Medicao;NUMERO DE DIAS COM PRECIP. PLUV, MENSAL (AUT)(número);PRECIPITACAO TOTAL, MENSAL (AUT)(mm);TEMPERATURA MEDIA, MENSAL (AUT)(°C);VENTO, VELOCIDADE MEDIA MENSAL (AUT)(m/s);
2017-01-31;null;null;null;null;
2017-02-28;null;null;null;null;
2017-03-31;null;null;null;null;
2017-04-30;null;null;null;null;
2017-05-31;null;null;null;null;
2017-06-30;null;null;null;null;
2017-07-31;null;null;null;null;
2017-08-31;null;null;null;null;
2017-09-30;null;null;null;null;
2017-10-31;null;null;null;null;
2017-11-30;null;null;null;null;
2017-12-31;null;null;null;null;
2018-01-31;null;null;null;null;
2018-02-28;null;null;null;null;
2018-03-31;null;null;null;null;
2018-04-30;null;null;null;null;
2018-05-31;null;null;null;null;
2018-06-30;null;null;null;null;
2018-07-31;1;null;null;null;
2018-08-31;6;7.6;26.421371;6.537769;
2018-09-30;4;3.4;27.178442;6.572524;
2018-10-31;8;45;27.778646;6.151034;
2018-11-30;18;65.2;27.460982;6.041943;
2018-12-31;26;176.4;27.593443;4.440054;
2019-01-31;25;329.2;27.132433;4.323933;
2019-02-28;21;223.8;27.346425;null;
2019-03-31;20;289.2;27.483602;null;
2019-04-30;21;330.8;27.342144;null;
2019-05-31;9;57;28.503226;null;
2019-06-30;5;57.8;27.595695;null;
2019-07-31;1;.2;26.857018;null;
2019-08-31;4;3;26.641495;null;
2019-09-30;0;0;26.961944;null;
2019-10-31;8;109.6;27.285546;null;
2019-11-30;18;244.4;27.892022;6.399354;
2019-12-31;12;71.6;27.881409;5.216642;
2020-01-31;24;210.6;27.753889;4.260863;
2020-02-29;20;369.2;27.996007;null;
2020-03-31;21;329.2;27.949954;null;
2020-04-30;17;104.6;28.483435;null;
2020-05-31;7;null;null;null;
2020-06-30;null;null;null;null;
2020-07-31;null;null;null;null;
2020-08-31;null;null;null;null;
2020-09-30;null;null;null;null;
2020-10-31;null;null;null;null;
2020-11-30;null;null;null;null;
2020-12-31;null;null;null;null;
2021-01-31;null;null;null;null;
2021-02-28;null;null;null;null;
2021-03-31;null;null;null;null;
2021-04-30;null;null;null;null;

