Nome: MANICORE
Codigo Estacao: A133
Latitude: -5.7886111
Longitude: -61.28833333
Altitude: 40.64
Situacao: Pane
Data Inicial: 2017-01-01
Data Final: 2021-10-23
Periodicidade da Medicao: Mensal

Data Medicao;NUMERO DE DIAS COM PRECIP. PLUV, MENSAL (AUT)(número);PRECIPITACAO TOTAL, MENSAL (AUT)(mm);TEMPERATURA MEDIA, MENSAL (AUT)(°C);VENTO, VELOCIDADE MEDIA MENSAL (AUT)(m/s);
2017-01-31;null;null;25.777554;null;
2017-02-28;null;null;25.663393;null;
2017-03-31;null;null;26.265;null;
2017-04-30;null;null;26.294981;null;
2017-05-31;null;null;26.776967;null;
2017-06-30;null;null;26.67625;null;
2017-07-31;null;null;26.615323;null;
2017-08-31;null;null;28.155511;null;
2017-09-30;null;null;26.940417;null;
2017-10-31;null;null;26.983333;null;
2017-11-30;null;null;26.72875;null;
2017-12-31;null;null;26.236828;null;
2018-01-31;null;null;25.94207;null;
2018-02-28;null;null;25.646577;null;
2018-03-31;null;null;26.352419;null;
2018-04-30;null;null;25.681389;null;
2018-05-31;null;null;26.183333;null;
2018-06-30;null;null;26.354583;null;
2018-07-31;null;null;26.80578;null;
2018-08-31;null;null;26.363306;null;
2018-09-30;null;null;27.626389;null;
2018-10-31;null;null;28.057661;null;
2018-11-30;null;null;26.943889;null;
2018-12-31;null;null;26.002285;null;
2019-01-31;null;null;26.071774;null;
2019-02-28;null;null;25.97128;null;
2019-03-31;null;null;26.691398;null;
2019-04-30;null;null;26.679141;null;
2019-05-31;null;null;26.734946;null;
2019-06-30;null;null;27.018834;null;
2019-07-31;null;null;27.008991;null;
2019-08-31;null;null;26.898925;null;
2019-09-30;null;null;27.732778;null;
2019-10-31;null;null;26.638506;null;
2019-11-30;null;null;27.228386;null;
2019-12-31;null;null;null;null;
2020-01-31;null;null;null;null;
2020-02-29;null;null;null;null;
2020-03-31;null;null;null;null;
2020-04-30;null;null;null;null;
2020-05-31;null;null;null;null;
2020-06-30;null;null;null;null;
2020-07-31;null;null;null;null;
2020-08-31;null;null;null;null;
2020-09-30;null;null;null;null;
2020-10-31;null;null;null;null;
2020-11-30;null;null;null;null;
2020-12-31;null;null;null;null;
2021-01-31;null;null;null;null;
2021-02-28;null;null;null;null;
2021-03-31;null;null;null;null;
2021-04-30;null;null;null;null;
2021-05-31;null;null;null;null;
2021-06-30;null;null;null;null;
2021-07-31;null;null;null;null;
2021-08-31;null;null;null;null;
2021-09-30;null;null;null;null;
2021-10-31;null;null;null;null;

