Nome: ILHA DO MEL
Codigo Estacao: A847
Latitude: -25.49444444
Longitude: -48.3261111
Altitude: 4.01
Situacao: Desativada
Data Inicial: 2017-01-01
Data Final: 2018-02-01
Periodicidade da Medicao: Mensal

Data Medicao;NUMERO DE DIAS COM PRECIP. PLUV, MENSAL (AUT)(número);PRECIPITACAO TOTAL, MENSAL (AUT)(mm);TEMPERATURA MEDIA, MENSAL (AUT)(°C);VENTO, VELOCIDADE MEDIA MENSAL (AUT)(m/s);
2017-01-31;26;525.8;25.904301;2.768145;
2017-02-28;12;72.6;26.380208;2.608631;
2017-03-31;24;458.2;24.202957;2.334543;
2017-04-30;4;null;null;null;
2017-05-31;21;null;20.875667;2.583333;
2017-06-30;22;150.4;18.805972;2.086806;
2017-07-31;19;25.6;17.915188;2.046102;
2017-08-31;null;null;18.896237;2.227285;
2017-09-30;null;null;21.188472;2.645278;
2017-10-31;16;80.6;21.838306;2.721102;
2017-11-30;17;86.4;22.071389;2.999444;
2017-12-31;23;259.8;24.084274;2.968683;
2018-01-31;27;429.6;25.198118;2.763172;
2018-02-28;2;null;null;null;

