Nome: VENTANIA
Codigo Estacao: A872
Latitude: -24.28027777
Longitude: -50.21027777
Altitude: 1093.41
Situacao: Pane
Data Inicial: 2017-01-01
Data Final: 2021-10-23
Periodicidade da Medicao: Mensal

Data Medicao;NUMERO DE DIAS COM PRECIP. PLUV, MENSAL (AUT)(número);PRECIPITACAO TOTAL, MENSAL (AUT)(mm);TEMPERATURA MEDIA, MENSAL (AUT)(°C);VENTO, VELOCIDADE MEDIA MENSAL (AUT)(m/s);
2017-01-31;10;null;21.439461;null;
2017-02-28;null;null;null;null;
2017-03-31;null;null;null;null;
2017-04-30;7;null;16.333553;null;
2017-05-31;11;180.6;16.593817;null;
2017-06-30;10;222;14.567639;null;
2017-07-31;2;1;14.252419;null;
2017-08-31;8;116.6;16.065457;null;
2017-09-30;3;57.6;20.475972;null;
2017-10-31;16;333.6;18.144758;null;
2017-11-30;17;249.6;18.409583;null;
2017-12-31;18;354.8;20.009812;null;
2018-01-31;24;192.2;19.941129;null;
2018-02-28;11;76.6;19.294941;null;
2018-03-31;18;80.8;21.093145;null;
2018-04-30;4;5.4;19.516111;null;
2018-05-31;6;38.8;16.683871;null;
2018-06-30;15;77.8;15.578611;null;
2018-07-31;2;18.4;16.766129;null;
2018-08-31;15;94.6;14.23871;null;
2018-09-30;13;92.6;17.302639;null;
2018-10-31;20;216.4;17.923253;null;
2018-11-30;12;85.2;19.055417;null;
2018-12-31;11;102;21.631048;null;
2019-01-31;19;170.8;22.416935;null;
2019-02-28;17;260;20.533929;null;
2019-03-31;17;148.8;20.257796;null;
2019-04-30;8;null;null;null;
2019-05-31;15;117.4;17.289113;null;
2019-06-30;5;98;16.410417;null;
2019-07-31;4;39;14.95578;null;
2019-08-31;1;null;null;null;
2019-09-30;null;null;null;null;
2019-10-31;null;null;null;null;
2019-11-30;null;null;null;null;
2019-12-31;14;179;20.151075;null;
2020-01-31;9;null;20.836184;null;
2020-02-29;null;null;null;null;
2020-03-31;null;null;null;null;
2020-04-30;null;null;null;null;
2020-05-31;null;null;null;null;
2020-06-30;null;null;null;null;
2020-07-31;null;null;null;null;
2020-08-31;null;null;null;null;
2020-09-30;null;null;null;null;
2020-10-31;null;null;null;null;
2020-11-30;null;null;null;null;
2020-12-31;null;null;null;null;
2021-01-31;null;null;null;null;
2021-02-28;null;null;null;null;
2021-03-31;null;null;null;null;
2021-04-30;null;null;null;null;
2021-05-31;null;null;null;null;
2021-06-30;null;null;null;null;
2021-07-31;null;null;null;null;
2021-08-31;null;null;null;null;
2021-09-30;null;null;null;null;
2021-10-31;null;null;null;null;

